state_dcid,state_name,city_dcid,city_name
wikidataId/Q1061,Gujarat,wikidataId/Q1023682,Wadhwan
wikidataId/Q1061,Gujarat,wikidataId/Q1070,Ahmedabad
wikidataId/Q1061,Gujarat,wikidataId/Q1154,Jamnagar
wikidataId/Q1061,Gujarat,wikidataId/Q1156554,Dabhoi
wikidataId/Q1061,Gujarat,wikidataId/Q117057589,Thangadh
wikidataId/Q1061,Gujarat,wikidataId/Q11854,Rajkot
wikidataId/Q1061,Gujarat,wikidataId/Q11864,Junagadh
wikidataId/Q1061,Gujarat,wikidataId/Q11909,Vadodara
wikidataId/Q1061,Gujarat,wikidataId/Q11910,Gandhinagar
wikidataId/Q1061,Gujarat,wikidataId/Q1259573,Dhoraji
wikidataId/Q1061,Gujarat,wikidataId/Q1259584,Dhandhuka
wikidataId/Q1061,Gujarat,wikidataId/Q1262380,Dahod
wikidataId/Q1061,Gujarat,wikidataId/Q1263568,Dholka
wikidataId/Q1061,Gujarat,wikidataId/Q1263667,Devgadh Bariya
wikidataId/Q1061,Gujarat,wikidataId/Q1265559,Dhrangadhra
wikidataId/Q1061,Gujarat,wikidataId/Q1266017,Dhanera
wikidataId/Q1061,Gujarat,wikidataId/Q1330938,Manavadar
wikidataId/Q1061,Gujarat,wikidataId/Q1525333,Gadhada
wikidataId/Q1061,Gujarat,wikidataId/Q15261957,New Bhuj
wikidataId/Q1061,Gujarat,wikidataId/Q1534153,Vallabhipur
wikidataId/Q1061,Gujarat,wikidataId/Q1536978,Gondal
wikidataId/Q1061,Gujarat,wikidataId/Q1622928,Una
wikidataId/Q1061,Gujarat,wikidataId/Q1707007,Halvad
wikidataId/Q1061,Gujarat,wikidataId/Q1707463,Ghogha
wikidataId/Q1061,Gujarat,wikidataId/Q1707605,Halol
wikidataId/Q1061,Gujarat,wikidataId/Q1708114,Godhra
wikidataId/Q1061,Gujarat,wikidataId/Q1708423,Harij
wikidataId/Q1061,Gujarat,wikidataId/Q1714838,Jasdan
wikidataId/Q1061,Gujarat,wikidataId/Q1740527,Khambhat
wikidataId/Q1061,Gujarat,wikidataId/Q1755548,Idar
wikidataId/Q1061,Gujarat,wikidataId/Q1798750,Anand
wikidataId/Q1061,Gujarat,wikidataId/Q1816866,Rajpipla
wikidataId/Q1061,Gujarat,wikidataId/Q1922248,Navsari
wikidataId/Q1061,Gujarat,wikidataId/Q1922283,Mehsana
wikidataId/Q1061,Gujarat,wikidataId/Q1924998,Mahuva
wikidataId/Q1061,Gujarat,wikidataId/Q1925363,Pardi
wikidataId/Q1061,Gujarat,wikidataId/Q1945434,Anjar
wikidataId/Q1061,Gujarat,wikidataId/Q1945471,Chikhli
wikidataId/Q1061,Gujarat,wikidataId/Q1964214,Ahwa
wikidataId/Q1061,Gujarat,wikidataId/Q1964842,Vyara
wikidataId/Q1061,Gujarat,wikidataId/Q2006496,Wankaner
wikidataId/Q1061,Gujarat,wikidataId/Q2007967,Jafarabad
wikidataId/Q1061,Gujarat,wikidataId/Q2008063,Jam Jodhpur
wikidataId/Q1061,Gujarat,wikidataId/Q2013180,Jalalpore
wikidataId/Q1061,Gujarat,wikidataId/Q2013301,Jambusar
wikidataId/Q1061,Gujarat,wikidataId/Q2068178,Radhanpur
wikidataId/Q1061,Gujarat,wikidataId/Q20767736,Atul
wikidataId/Q1061,Gujarat,wikidataId/Q20850173,Diyodar
wikidataId/Q1061,Gujarat,wikidataId/Q2087713,Morbi
wikidataId/Q1061,Gujarat,wikidataId/Q2120093,Khambhalia
wikidataId/Q1061,Gujarat,wikidataId/Q219039,Nadiad
wikidataId/Q1061,Gujarat,wikidataId/Q2228906,Sanand
wikidataId/Q1061,Gujarat,wikidataId/Q2231030,Thangadh
wikidataId/Q1061,Gujarat,wikidataId/Q2233469,Mahemdavad
wikidataId/Q1061,Gujarat,wikidataId/Q2234238,Malpur
wikidataId/Q1061,Gujarat,wikidataId/Q2234250,Mundra
wikidataId/Q1061,Gujarat,wikidataId/Q2234286,Vijapur
wikidataId/Q1061,Gujarat,wikidataId/Q2236264,Kheralu
wikidataId/Q1061,Gujarat,wikidataId/Q2238993,Kutiyana
wikidataId/Q1061,Gujarat,wikidataId/Q2239007,Kodinar
wikidataId/Q1061,Gujarat,wikidataId/Q2240915,Lunavada
wikidataId/Q1061,Gujarat,wikidataId/Q2240989,Lathi
wikidataId/Q1061,Gujarat,wikidataId/Q2247454,Padra
wikidataId/Q1061,Gujarat,wikidataId/Q2251785,Kalavad
wikidataId/Q1061,Gujarat,wikidataId/Q2295886,Karjan
wikidataId/Q1061,Gujarat,wikidataId/Q2320097,Modasa
wikidataId/Q1061,Gujarat,wikidataId/Q2341421,Kapadvanj
wikidataId/Q1061,Gujarat,wikidataId/Q24054760,Barwala
wikidataId/Q1061,Gujarat,wikidataId/Q242992,Bhavnagar
wikidataId/Q1061,Gujarat,wikidataId/Q2451172,Viramgam
wikidataId/Q1061,Gujarat,wikidataId/Q2452712,Visnagar
wikidataId/Q1061,Gujarat,wikidataId/Q2465676,Dharampur
wikidataId/Q1061,Gujarat,wikidataId/Q25247367,Vasad
wikidataId/Q1061,Gujarat,wikidataId/Q25346043,Juna Vaghaniya
wikidataId/Q1061,Gujarat,wikidataId/Q2557742,Tharad
wikidataId/Q1061,Gujarat,wikidataId/Q2558704,Kalol
wikidataId/Q1061,Gujarat,wikidataId/Q25622187,Bayad
wikidataId/Q1061,Gujarat,wikidataId/Q2570216,Talod
wikidataId/Q1061,Gujarat,wikidataId/Q2570689,Mandvi
wikidataId/Q1061,Gujarat,wikidataId/Q2570700,Ranavav
wikidataId/Q1061,Gujarat,wikidataId/Q2570726,Vadnagar
wikidataId/Q1061,Gujarat,wikidataId/Q2572203,Siddhpur
wikidataId/Q1061,Gujarat,wikidataId/Q2572958,Sihor
wikidataId/Q1061,Gujarat,wikidataId/Q2575916,Paddhari
wikidataId/Q1061,Gujarat,wikidataId/Q2577440,Mangrol
wikidataId/Q1061,Gujarat,wikidataId/Q2606805,Mahudha
wikidataId/Q1061,Gujarat,wikidataId/Q2608060,Surendranagar
wikidataId/Q1061,Gujarat,wikidataId/Q2673443,Meghraj
wikidataId/Q1061,Gujarat,wikidataId/Q26783813,Mandal
wikidataId/Q1061,Gujarat,wikidataId/Q26788214,Pavi Jetpur
wikidataId/Q1061,Gujarat,wikidataId/Q26866040,Dediapada
wikidataId/Q1061,Gujarat,wikidataId/Q26928895,Nizar
wikidataId/Q1061,Gujarat,wikidataId/Q2722530,Amalsad
wikidataId/Q1061,Gujarat,wikidataId/Q2722560,Amirgadh
wikidataId/Q1061,Gujarat,wikidataId/Q2723942,Chotila
wikidataId/Q1061,Gujarat,wikidataId/Q2724262,Amod
wikidataId/Q1061,Gujarat,wikidataId/Q2724380,Umreth
wikidataId/Q1061,Gujarat,wikidataId/Q2724388,Prantij
wikidataId/Q1061,Gujarat,wikidataId/Q2724400,Rapar
wikidataId/Q1061,Gujarat,wikidataId/Q2724740,Kalol
wikidataId/Q1061,Gujarat,wikidataId/Q2724780,Vansda
wikidataId/Q1061,Gujarat,wikidataId/Q2724952,Waghodia
wikidataId/Q1061,Gujarat,wikidataId/Q2725098,Uchchhal
wikidataId/Q1061,Gujarat,wikidataId/Q2725556,Umarpada
wikidataId/Q1061,Gujarat,wikidataId/Q2726258,Olpad
wikidataId/Q1061,Gujarat,wikidataId/Q2726525,Kathlal
wikidataId/Q1061,Gujarat,wikidataId/Q2726621,Kadi
wikidataId/Q1061,Gujarat,wikidataId/Q2727368,Kalyanpur
wikidataId/Q1061,Gujarat,wikidataId/Q2728324,Kunkavav
wikidataId/Q1061,Gujarat,wikidataId/Q2730267,Khambha
wikidataId/Q1061,Gujarat,wikidataId/Q2731401,Garbada
wikidataId/Q1061,Gujarat,wikidataId/Q2733065,Ghoghamba
wikidataId/Q1061,Gujarat,wikidataId/Q2734216,Savarkundla
wikidataId/Q1061,Gujarat,wikidataId/Q2734240,Songadh
wikidataId/Q1061,Gujarat,wikidataId/Q2734950,Upleta
wikidataId/Q1061,Gujarat,wikidataId/Q2734999,Rajula
wikidataId/Q1061,Gujarat,wikidataId/Q27484993,Sagbara
wikidataId/Q1061,Gujarat,wikidataId/Q2756818,Chuda
wikidataId/Q1061,Gujarat,wikidataId/Q2757721,Jambughoda
wikidataId/Q1061,Gujarat,wikidataId/Q2757839,Jam Kandorna
wikidataId/Q1061,Gujarat,wikidataId/Q2758600,Jodia
wikidataId/Q1061,Gujarat,wikidataId/Q2759268,Thasra
wikidataId/Q1061,Gujarat,wikidataId/Q2759559,Don
wikidataId/Q1061,Gujarat,wikidataId/Q2759998,Tarapur
wikidataId/Q1061,Gujarat,wikidataId/Q2760007,Talala
wikidataId/Q1061,Gujarat,wikidataId/Q2760078,Tilakwada
wikidataId/Q1061,Gujarat,wikidataId/Q2760242,Thara
wikidataId/Q1061,Gujarat,wikidataId/Q2760556,Dasada
wikidataId/Q1061,Gujarat,wikidataId/Q2760622,Dantiwada
wikidataId/Q1061,Gujarat,wikidataId/Q2761011,Detroj
wikidataId/Q1061,Gujarat,wikidataId/Q2761639,Dhanpur
wikidataId/Q1061,Gujarat,wikidataId/Q2761749,Dhari
wikidataId/Q1061,Gujarat,wikidataId/Q2761956,Dholera
wikidataId/Q1061,Gujarat,wikidataId/Q2762064,Nakhatrana
wikidataId/Q1061,Gujarat,wikidataId/Q2762480,Nasvadi
wikidataId/Q1061,Gujarat,wikidataId/Q2763782,Palsana
wikidataId/Q1061,Gujarat,wikidataId/Q2764344,Pavagadh
wikidataId/Q1061,Gujarat,wikidataId/Q2765057,Fatepura
wikidataId/Q1061,Gujarat,wikidataId/Q2765597,Balel Pipariya
wikidataId/Q1061,Gujarat,wikidataId/Q2767083,Bhabhar
wikidataId/Q1061,Gujarat,wikidataId/Q2767290,Bhiloda
wikidataId/Q1061,Gujarat,wikidataId/Q2767521,Bhensan
wikidataId/Q1061,Gujarat,wikidataId/Q2768146,"Mahuva, Surat"
wikidataId/Q1061,Gujarat,wikidataId/Q2768215,Mangrol (Surat)
wikidataId/Q1061,Gujarat,wikidataId/Q2768275,Mandvi
wikidataId/Q1061,Gujarat,wikidataId/Q2768427,Matar
wikidataId/Q1061,Gujarat,wikidataId/Q27684996,Daskroi
wikidataId/Q1061,Gujarat,wikidataId/Q2768661,Maliya Miyana
wikidataId/Q1061,Gujarat,wikidataId/Q2768664,Malia Hatina
wikidataId/Q1061,Gujarat,wikidataId/Q2768906,Muli
wikidataId/Q1061,Gujarat,wikidataId/Q2768932,Mendarda
wikidataId/Q1061,Gujarat,wikidataId/Q2769626,Morva (Hadaf)
wikidataId/Q1061,Gujarat,wikidataId/Q2770373,Ranpur
wikidataId/Q1061,Gujarat,wikidataId/Q2771149,Lakhtar
wikidataId/Q1061,Gujarat,wikidataId/Q2771159,Lakhpat
wikidataId/Q1061,Gujarat,wikidataId/Q2771361,Lalpur
wikidataId/Q1061,Gujarat,wikidataId/Q2771499,Limkheda
wikidataId/Q1061,Gujarat,wikidataId/Q2771550,Lilia
wikidataId/Q1061,Gujarat,wikidataId/Q2771700,Lodhika
wikidataId/Q1061,Gujarat,wikidataId/Q2771789,Wadhai
wikidataId/Q1061,Gujarat,wikidataId/Q2771862,Vadgam
wikidataId/Q1061,Gujarat,wikidataId/Q2771964,Vadali
wikidataId/Q1061,Gujarat,wikidataId/Q2772601,Vagra
wikidataId/Q1061,Gujarat,wikidataId/Q2772894,Valiya
wikidataId/Q1061,Gujarat,wikidataId/Q2772908,Valod
wikidataId/Q1061,Gujarat,wikidataId/Q2772926,Vav
wikidataId/Q1061,Gujarat,wikidataId/Q2773142,Vijaynagar
wikidataId/Q1061,Gujarat,wikidataId/Q2773235,Virpur
wikidataId/Q1061,Gujarat,wikidataId/Q2773921,Sinor
wikidataId/Q1061,Gujarat,wikidataId/Q2774237,Sankheda
wikidataId/Q1061,Gujarat,wikidataId/Q2774449,Satlasana
wikidataId/Q1061,Gujarat,wikidataId/Q2774598,Sami
wikidataId/Q1061,Gujarat,wikidataId/Q2774970,Santalpur
wikidataId/Q1061,Gujarat,wikidataId/Q2775259,Sayla
wikidataId/Q1061,Gujarat,wikidataId/Q2775790,Sutrapada
wikidataId/Q1061,Gujarat,wikidataId/Q2777153,Hansot
wikidataId/Q1061,Gujarat,wikidataId/Q28171935,Kotra Pitha
wikidataId/Q1061,Gujarat,wikidataId/Q2900619,Bhadarwa
wikidataId/Q1061,Gujarat,wikidataId/Q3015704,Danta
wikidataId/Q1061,Gujarat,wikidataId/Q302654,Valsad
wikidataId/Q1061,Gujarat,wikidataId/Q30621429,Khanpur
wikidataId/Q1061,Gujarat,wikidataId/Q3192309,Kamadhia
wikidataId/Q1061,Gujarat,wikidataId/Q3808247,Jhalod
wikidataId/Q1061,Gujarat,wikidataId/Q3827464,Lathi
wikidataId/Q1061,Gujarat,wikidataId/Q4046905,Paldi
wikidataId/Q1061,Gujarat,wikidataId/Q41543,Gandhidham
wikidataId/Q1061,Gujarat,wikidataId/Q4629,Surat
wikidataId/Q1061,Gujarat,wikidataId/Q4682951,Adipur
wikidataId/Q1061,Gujarat,wikidataId/Q4878547,Becharaji
wikidataId/Q1061,Gujarat,wikidataId/Q518791,Veraval
wikidataId/Q1061,Gujarat,wikidataId/Q5269024,Dhansura
wikidataId/Q1061,Gujarat,wikidataId/Q536870,Gariadhar
wikidataId/Q1061,Gujarat,wikidataId/Q5437418,Fatehgunj
wikidataId/Q1061,Gujarat,wikidataId/Q579702,Patan
wikidataId/Q1061,Gujarat,wikidataId/Q581480,Kandla port
wikidataId/Q1061,Gujarat,wikidataId/Q582485,Dahegam
wikidataId/Q1061,Gujarat,wikidataId/Q587137,Alang
wikidataId/Q1061,Gujarat,wikidataId/Q588924,Ankleshwar
wikidataId/Q1061,Gujarat,wikidataId/Q589067,Anklav
wikidataId/Q1061,Gujarat,wikidataId/Q589163,Amreli
wikidataId/Q1061,Gujarat,wikidataId/Q589286,Bagasara
wikidataId/Q1061,Gujarat,wikidataId/Q599414,Keshod
wikidataId/Q1061,Gujarat,wikidataId/Q607388,Chaklasi
wikidataId/Q1061,Gujarat,wikidataId/Q612721,Chhota Udepur
wikidataId/Q1061,Gujarat,wikidataId/Q6359640,Kamrej
wikidataId/Q1061,Gujarat,wikidataId/Q6419912,Porbandar
wikidataId/Q1061,Gujarat,wikidataId/Q667155,Kadana
wikidataId/Q1061,Gujarat,wikidataId/Q6960925,Naliya
wikidataId/Q1061,Gujarat,wikidataId/Q6966092,Naroda
wikidataId/Q1061,Gujarat,wikidataId/Q712003,Bardoli
wikidataId/Q1061,Gujarat,wikidataId/Q712407,Bavla
wikidataId/Q1061,Gujarat,wikidataId/Q7131859,Pantiya
wikidataId/Q1061,Gujarat,wikidataId/Q715228,Limbdi
wikidataId/Q1061,Gujarat,wikidataId/Q720211,Mansa
wikidataId/Q1061,Gujarat,wikidataId/Q720816,Santrampur
wikidataId/Q1061,Gujarat,wikidataId/Q720917,Bhanvad
wikidataId/Q1061,Gujarat,wikidataId/Q721294,Vanthali
wikidataId/Q1061,Gujarat,wikidataId/Q721365,Gandevi
wikidataId/Q1061,Gujarat,wikidataId/Q7237228,Prabhas Patan
wikidataId/Q1061,Gujarat,wikidataId/Q7387597,S. K. Varma Nagar
wikidataId/Q1061,Gujarat,wikidataId/Q7408505,Samakhiali
wikidataId/Q1061,Gujarat,wikidataId/Q7428379,Savli
wikidataId/Q1061,Gujarat,wikidataId/Q759550,Bhachau
wikidataId/Q1061,Gujarat,wikidataId/Q760153,Bharuch
wikidataId/Q1061,Gujarat,wikidataId/Q766933,Talaja
wikidataId/Q1061,Gujarat,wikidataId/Q767916,Unjha
wikidataId/Q1061,Gujarat,wikidataId/Q7683522,Tankara
wikidataId/Q1061,Gujarat,wikidataId/Q775759,Kheda
wikidataId/Q1061,Gujarat,wikidataId/Q798382,Bhuj
wikidataId/Q1061,Gujarat,wikidataId/Q8023088,Wilson Hills
wikidataId/Q1061,Gujarat,wikidataId/Q817247,Dwarka
wikidataId/Q1061,Gujarat,wikidataId/Q8239185,Babra
wikidataId/Q1061,Gujarat,wikidataId/Q858162,Botad
wikidataId/Q1061,Gujarat,wikidataId/Q859113,Chanasma
wikidataId/Q1061,Gujarat,wikidataId/Q862141,Bilimora
wikidataId/Q1061,Gujarat,wikidataId/Q927778,Dhrol
wikidataId/Q1061,Gujarat,wikidataId/Q9443,Lothal
wikidataId/Q1061,Gujarat,wikidataId/Q9461,Khedbrahma
wikidataId/Q1061,Gujarat,wikidataId/Q949907,Palanpur
wikidataId/Q1061,Gujarat,wikidataId/Q968713,Jetpur
wikidataId/Q1061,Gujarat,wikidataId/Q976318,Chhaya
wikidataId/Q1159,Andhra Pradesh,wikidataId/Q1003496,Eluru
wikidataId/Q1159,Andhra Pradesh,wikidataId/Q1017723,Madanapalle
wikidataId/Q1159,Andhra Pradesh,wikidataId/Q1105252,Chilakaluripet
wikidataId/Q1159,Andhra Pradesh,wikidataId/Q11102384,Rajampet
wikidataId/Q1159,Andhra Pradesh,wikidataId/Q11103996,Markapur
wikidataId/Q1159,Andhra Pradesh,wikidataId/Q11198998,Chittoor
wikidataId/Q1159,Andhra Pradesh,wikidataId/Q1193800,Chirala
wikidataId/Q1159,Andhra Pradesh,wikidataId/Q13001772,Palasa Mandal
wikidataId/Q1159,Andhra Pradesh,wikidataId/Q13008117,Rayadurg
wikidataId/Q1159,Andhra Pradesh,wikidataId/Q1436816,Tirupati
wikidataId/Q1159,Andhra Pradesh,wikidataId/Q1639492,Rajahmundry
wikidataId/Q1159,Andhra Pradesh,wikidataId/Q16901462,Thagarapuvalasa
wikidataId/Q1159,Andhra Pradesh,wikidataId/Q1708134,Gudur
wikidataId/Q1159,Andhra Pradesh,wikidataId/Q1772751,Nandyal
wikidataId/Q1159,Andhra Pradesh,wikidataId/Q1772763,Srikalahasti
wikidataId/Q1159,Andhra Pradesh,wikidataId/Q18386200,Sullurpeta mandal
wikidataId/Q1159,Andhra Pradesh,wikidataId/Q1920249,Ongole
wikidataId/Q1159,Andhra Pradesh,wikidataId/Q1929712,Tenali
wikidataId/Q1159,Andhra Pradesh,wikidataId/Q1945121,Palakollu
wikidataId/Q1159,Andhra Pradesh,wikidataId/Q1945739,Puttur
wikidataId/Q1159,Andhra Pradesh,wikidataId/Q1948238,Dharmavaram
wikidataId/Q1159,Andhra Pradesh,wikidataId/Q19672776,Chillakallu
wikidataId/Q1159,Andhra Pradesh,wikidataId/Q19881964,Amaravati
wikidataId/Q1159,Andhra Pradesh,wikidataId/Q200016,Visakhapatnam
wikidataId/Q1159,Andhra Pradesh,wikidataId/Q200017,Vijayawada
wikidataId/Q1159,Andhra Pradesh,wikidataId/Q2010440,Jammalamadugu
wikidataId/Q1159,Andhra Pradesh,wikidataId/Q2138686,Kavali
wikidataId/Q1159,Andhra Pradesh,wikidataId/Q2228545,Pulivendula
wikidataId/Q1159,Andhra Pradesh,wikidataId/Q2235626,Tadepalligudem
wikidataId/Q1159,Andhra Pradesh,wikidataId/Q2235664,Kovvur
wikidataId/Q1159,Andhra Pradesh,wikidataId/Q2241562,Macharla
wikidataId/Q1159,Andhra Pradesh,wikidataId/Q2249065,Mandapeta
wikidataId/Q1159,Andhra Pradesh,wikidataId/Q2336339,Tadipatri
wikidataId/Q1159,Andhra Pradesh,wikidataId/Q2349939,Mangalagiri
wikidataId/Q1159,Andhra Pradesh,wikidataId/Q2349951,Rayachoti
wikidataId/Q1159,Andhra Pradesh,wikidataId/Q2349966,Proddatur
wikidataId/Q1159,Andhra Pradesh,wikidataId/Q2350125,Gudivada
wikidataId/Q1159,Andhra Pradesh,wikidataId/Q2351757,Kadiri
wikidataId/Q1159,Andhra Pradesh,wikidataId/Q2483789,Narasaraopet
wikidataId/Q1159,Andhra Pradesh,wikidataId/Q2483828,Parvathipuram
wikidataId/Q1159,Andhra Pradesh,wikidataId/Q2483836,Repalle
wikidataId/Q1159,Andhra Pradesh,wikidataId/Q2483868,Bheemunipatnam
wikidataId/Q1159,Andhra Pradesh,wikidataId/Q24908046,Jaggayyapeta
wikidataId/Q1159,Andhra Pradesh,wikidataId/Q25562337,Peddapuram
wikidataId/Q1159,Andhra Pradesh,wikidataId/Q2563400,Samarlakota
wikidataId/Q1159,Andhra Pradesh,wikidataId/Q2563407,Nidadavole
wikidataId/Q1159,Andhra Pradesh,wikidataId/Q2563472,Pedana
wikidataId/Q1159,Andhra Pradesh,wikidataId/Q2563482,Saluru
wikidataId/Q1159,Andhra Pradesh,wikidataId/Q2563530,Pithapuram
wikidataId/Q1159,Andhra Pradesh,wikidataId/Q2564821,Kandukur
wikidataId/Q1159,Andhra Pradesh,wikidataId/Q2566460,Punganur
wikidataId/Q1159,Andhra Pradesh,wikidataId/Q2566481,Tanuku
wikidataId/Q1159,Andhra Pradesh,wikidataId/Q2566502,Vinukonda
wikidataId/Q1159,Andhra Pradesh,wikidataId/Q2576041,Tuni
wikidataId/Q1159,Andhra Pradesh,wikidataId/Q2734064,Yemmiganuru
wikidataId/Q1159,Andhra Pradesh,wikidataId/Q2734090,Nuzvid
wikidataId/Q1159,Andhra Pradesh,wikidataId/Q30651,Kadapa
wikidataId/Q1159,Andhra Pradesh,wikidataId/Q3120966,Guntur
wikidataId/Q1159,Andhra Pradesh,wikidataId/Q31500354,Giddaluru
wikidataId/Q1159,Andhra Pradesh,wikidataId/Q3412838,Badvel
wikidataId/Q1159,Andhra Pradesh,wikidataId/Q3416910,Cheepurupalli
wikidataId/Q1159,Andhra Pradesh,wikidataId/Q3425864,Tadepalle
wikidataId/Q1159,Andhra Pradesh,wikidataId/Q3428232,Ponduru
wikidataId/Q1159,Andhra Pradesh,wikidataId/Q3428272,Chimakurthi
wikidataId/Q1159,Andhra Pradesh,wikidataId/Q3428861,Pamidi
wikidataId/Q1159,Andhra Pradesh,wikidataId/Q3429912,Narasannapeta
wikidataId/Q1159,Andhra Pradesh,wikidataId/Q3429934,Palamaner
wikidataId/Q1159,Andhra Pradesh,wikidataId/Q3445011,Sattenapalli
wikidataId/Q1159,Andhra Pradesh,wikidataId/Q3619248,Vizianagaram
wikidataId/Q1159,Andhra Pradesh,wikidataId/Q3635276,Kurnool
wikidataId/Q1159,Andhra Pradesh,wikidataId/Q3635462,Parigi
wikidataId/Q1159,Andhra Pradesh,wikidataId/Q379516,Narasapuram
wikidataId/Q1159,Andhra Pradesh,wikidataId/Q3869911,Nagari
wikidataId/Q1159,Andhra Pradesh,wikidataId/Q48723786,Kasibugga
wikidataId/Q1159,Andhra Pradesh,wikidataId/Q490906,Adoni
wikidataId/Q1159,Andhra Pradesh,wikidataId/Q5305676,Draksharama
wikidataId/Q1159,Andhra Pradesh,wikidataId/Q582993,Amudalavalasa
wikidataId/Q1159,Andhra Pradesh,wikidataId/Q586397,Guntakal
wikidataId/Q1159,Andhra Pradesh,wikidataId/Q588625,Amalapuram
wikidataId/Q1159,Andhra Pradesh,wikidataId/Q589133,Anakapalle
wikidataId/Q1159,Andhra Pradesh,wikidataId/Q59018,Kakinada
wikidataId/Q1159,Andhra Pradesh,wikidataId/Q61434,Nellore
wikidataId/Q1159,Andhra Pradesh,wikidataId/Q633274,Bapatla
wikidataId/Q1159,Andhra Pradesh,wikidataId/Q6425460,Kodumur
wikidataId/Q1159,Andhra Pradesh,wikidataId/Q6426291,Koilkuntla
wikidataId/Q1159,Andhra Pradesh,wikidataId/Q65665421,Addanki
wikidataId/Q1159,Andhra Pradesh,wikidataId/Q671757,Srikakulam
wikidataId/Q1159,Andhra Pradesh,wikidataId/Q6963320,Nandi Kotkur
wikidataId/Q1159,Andhra Pradesh,wikidataId/Q7158997,Pedanandipadu
wikidataId/Q1159,Andhra Pradesh,wikidataId/Q719838,Venkatagiri
wikidataId/Q1159,Andhra Pradesh,wikidataId/Q7198866,Pichatur
wikidataId/Q1159,Andhra Pradesh,wikidataId/Q720891,Ponnur
wikidataId/Q1159,Andhra Pradesh,wikidataId/Q721277,Ramachandrapuram
wikidataId/Q1159,Andhra Pradesh,wikidataId/Q749108,Nagarjunakonda
wikidataId/Q1159,Andhra Pradesh,wikidataId/Q757853,Bhimavaram
wikidataId/Q1159,Andhra Pradesh,wikidataId/Q760056,Hindupur
wikidataId/Q1159,Andhra Pradesh,wikidataId/Q760144,Ananthapuram
wikidataId/Q1159,Andhra Pradesh,wikidataId/Q845662,Machilipatnam
wikidataId/Q1159,Andhra Pradesh,wikidataId/Q861841,Bobbili
wikidataId/Q1162,Arunachal Pradesh,wikidataId/Q13221,Tezu
wikidataId/Q1162,Arunachal Pradesh,wikidataId/Q14231494,Rupa
wikidataId/Q1162,Arunachal Pradesh,wikidataId/Q24951907,Kaho
wikidataId/Q1162,Arunachal Pradesh,wikidataId/Q25247765,Pangin
wikidataId/Q1162,Arunachal Pradesh,wikidataId/Q2729438,Koloriang
wikidataId/Q1162,Arunachal Pradesh,wikidataId/Q41128,Itanagar
wikidataId/Q1162,Arunachal Pradesh,wikidataId/Q6400755,Kharsang
wikidataId/Q1162,Arunachal Pradesh,wikidataId/Q6962040,Nampong
wikidataId/Q1162,Arunachal Pradesh,wikidataId/Q70295360,Taksing
wikidataId/Q1164,Assam,wikidataId/Q111184029,Gaurisagar
wikidataId/Q1164,Assam,wikidataId/Q1266637,Dibrugarh
wikidataId/Q1164,Assam,wikidataId/Q1284453,Sivasagar
wikidataId/Q1164,Assam,wikidataId/Q16056717,Tingkhong
wikidataId/Q1164,Assam,wikidataId/Q1708160,Golaghat
wikidataId/Q1164,Assam,wikidataId/Q18111492,"Dadara, Kamrup"
wikidataId/Q1164,Assam,wikidataId/Q199605,Guwahati
wikidataId/Q1164,Assam,wikidataId/Q2249428,Tinsukia
wikidataId/Q1164,Assam,wikidataId/Q24927936,Dakhala
wikidataId/Q1164,Assam,wikidataId/Q24927939,Darkuchi
wikidataId/Q1164,Assam,wikidataId/Q24943594,Dimow Chariali
wikidataId/Q1164,Assam,wikidataId/Q271911,Dispur
wikidataId/Q1164,Assam,wikidataId/Q279871,Gauripur
wikidataId/Q1164,Assam,wikidataId/Q28153823,Algapur
wikidataId/Q1164,Assam,wikidataId/Q28169357,Sonai
wikidataId/Q1164,Assam,wikidataId/Q28419445,Agchia
wikidataId/Q1164,Assam,wikidataId/Q48724100,Udharbond
wikidataId/Q1164,Assam,wikidataId/Q48726625,Dullabcherra
wikidataId/Q1164,Assam,wikidataId/Q6271960,Jonai
wikidataId/Q1164,Assam,wikidataId/Q7380188,Rupai Siding
wikidataId/Q1165,Bihar,wikidataId/Q1136189,Darbhanga
wikidataId/Q1165,Bihar,wikidataId/Q11917849,Dumaria
wikidataId/Q1165,Bihar,wikidataId/Q1453196,Muzaffarpur
wikidataId/Q1165,Bihar,wikidataId/Q15201836,Bodhgaya inscription of Mahanaman
wikidataId/Q1165,Bihar,wikidataId/Q15229230,Jale
wikidataId/Q1165,Bihar,wikidataId/Q1771762,Purnia
wikidataId/Q1165,Bihar,wikidataId/Q1774606,Motihari
wikidataId/Q1165,Bihar,wikidataId/Q19342632,Rohtas
wikidataId/Q1165,Bihar,wikidataId/Q1949375,Kishanganj
wikidataId/Q1165,Bihar,wikidataId/Q1949403,Hajipur
wikidataId/Q1165,Bihar,wikidataId/Q1949410,Sasaram
wikidataId/Q1165,Bihar,wikidataId/Q1949422,Saharsa
wikidataId/Q1165,Bihar,wikidataId/Q2087576,Raxaul
wikidataId/Q1165,Bihar,wikidataId/Q2234098,Siwan
wikidataId/Q1165,Bihar,wikidataId/Q2286929,Jogbani
wikidataId/Q1165,Bihar,wikidataId/Q22997102,Bagha Kusmar
wikidataId/Q1165,Bihar,wikidataId/Q2360633,Sitamarhi
wikidataId/Q1165,Bihar,wikidataId/Q2453472,Nabinagar
wikidataId/Q1165,Bihar,wikidataId/Q24906625,Athmalgola
wikidataId/Q1165,Bihar,wikidataId/Q24952318,Dulhin Bazar
wikidataId/Q1165,Bihar,wikidataId/Q251329,Gaya
wikidataId/Q1165,Bihar,wikidataId/Q25212265,Dagarua
wikidataId/Q1165,Bihar,wikidataId/Q2734910,Hilsa
wikidataId/Q1165,Bihar,wikidataId/Q27910419,Durgawati
wikidataId/Q1165,Bihar,wikidataId/Q30602136,Shikarpur
wikidataId/Q1165,Bihar,wikidataId/Q3630833,Kesaria
wikidataId/Q1165,Bihar,wikidataId/Q389755,Pataliputra
wikidataId/Q1165,Bihar,wikidataId/Q4901787,"Bhimnagar, Supaul"
wikidataId/Q1165,Bihar,wikidataId/Q5518518,Galgalia
wikidataId/Q1165,Bihar,wikidataId/Q57231093,Rohtas
wikidataId/Q1165,Bihar,wikidataId/Q588587,Arrah
wikidataId/Q1165,Bihar,wikidataId/Q59213804,Deo Town
wikidataId/Q1165,Bihar,wikidataId/Q598985,Begusarai
wikidataId/Q1165,Bihar,wikidataId/Q622827,Bairgania
wikidataId/Q1165,Bihar,wikidataId/Q62866867,Deo
wikidataId/Q1165,Bihar,wikidataId/Q6444198,Kunauli
wikidataId/Q1165,Bihar,wikidataId/Q744260,Jainagar
wikidataId/Q1165,Bihar,wikidataId/Q760714,Bhagalpur
wikidataId/Q1165,Bihar,wikidataId/Q7646930,Sursand
wikidataId/Q1165,Bihar,wikidataId/Q80484,Patna
wikidataId/Q1165,Bihar,wikidataId/Q863683,Rajgir
wikidataId/Q1168,Chhattisgarh,wikidataId/Q1006363,Jagdalpur
wikidataId/Q1168,Chhattisgarh,wikidataId/Q1190907,Chirmiri
wikidataId/Q1168,Chhattisgarh,wikidataId/Q1229388,Sukma
wikidataId/Q1168,Chhattisgarh,wikidataId/Q18350183,Adbhar
wikidataId/Q1168,Chhattisgarh,wikidataId/Q2008189,Korba
wikidataId/Q1168,Chhattisgarh,wikidataId/Q2120445,Kharod
wikidataId/Q1168,Chhattisgarh,wikidataId/Q22132450,Setganga
wikidataId/Q1168,Chhattisgarh,wikidataId/Q242144,Bhilai
wikidataId/Q1168,Chhattisgarh,wikidataId/Q2560555,Mowa
wikidataId/Q1168,Chhattisgarh,wikidataId/Q3634114,Janjgir
wikidataId/Q1168,Chhattisgarh,wikidataId/Q372773,Raipur
wikidataId/Q1168,Chhattisgarh,wikidataId/Q3921198,Dantewada
wikidataId/Q1168,Chhattisgarh,wikidataId/Q6743236,Malhar
wikidataId/Q1168,Chhattisgarh,wikidataId/Q6983051,Atal Nagar-Nava Raipur
wikidataId/Q1168,Chhattisgarh,wikidataId/Q720204,Ratanpur
wikidataId/Q1168,Chhattisgarh,wikidataId/Q7286150,Rajim
wikidataId/Q1168,Chhattisgarh,wikidataId/Q7530598,Sirpur
wikidataId/Q1168,Chhattisgarh,wikidataId/Q860452,Bilaspur
wikidataId/Q1168,Chhattisgarh,wikidataId/Q956602,Durg
wikidataId/Q1171,Goa,wikidataId/Q14223122,Loutulim
wikidataId/Q1171,Goa,wikidataId/Q214681,Panaji
wikidataId/Q1171,Goa,wikidataId/Q5029212,Canacona
wikidataId/Q1171,Goa,wikidataId/Q7919021,Velim
wikidataId/Q1174,Haryana,wikidataId/Q14206683,Bhondsi
wikidataId/Q1174,Haryana,wikidataId/Q1453180,Rohtak
wikidataId/Q1174,Haryana,wikidataId/Q17055090,Hisar Urban Agglomeration
wikidataId/Q1174,Haryana,wikidataId/Q17077319,Nangal Choudhary
wikidataId/Q1174,Haryana,wikidataId/Q1709688,Haileymandi
wikidataId/Q1174,Haryana,wikidataId/Q1772825,Hisar
wikidataId/Q1174,Haryana,wikidataId/Q1807929,Yamunanagar
wikidataId/Q1174,Haryana,wikidataId/Q200663,Faridabad
wikidataId/Q1174,Haryana,wikidataId/Q238508,Gurgaon
wikidataId/Q1174,Haryana,wikidataId/Q24906131,Nissing
wikidataId/Q1174,Haryana,wikidataId/Q24908150,Badhra
wikidataId/Q1174,Haryana,wikidataId/Q24951933,Adampur
wikidataId/Q1174,Haryana,wikidataId/Q24952263,Mullana
wikidataId/Q1174,Haryana,wikidataId/Q29652468,Shahzadpur
wikidataId/Q1174,Haryana,wikidataId/Q30624191,Thana Khurd
wikidataId/Q1174,Haryana,wikidataId/Q41561,Sonipat
wikidataId/Q1174,Haryana,wikidataId/Q456624,Ambala
wikidataId/Q1174,Haryana,wikidataId/Q55615927,Khizri
wikidataId/Q1174,Haryana,wikidataId/Q796669,Bhiwani
wikidataId/Q1174,Haryana,wikidataId/Q888946,Charkhi Dadri
wikidataId/Q1177,Himachal Pradesh,wikidataId/Q1026898,Naina Devi
wikidataId/Q1177,Himachal Pradesh,wikidataId/Q14219787,Sarkidhar
wikidataId/Q1177,Himachal Pradesh,wikidataId/Q186182,Dharamshala
wikidataId/Q1177,Himachal Pradesh,wikidataId/Q2295877,Palampur
wikidataId/Q1177,Himachal Pradesh,wikidataId/Q2391202,Nurpur
wikidataId/Q1177,Himachal Pradesh,wikidataId/Q24927883,Kasumpati
wikidataId/Q1177,Himachal Pradesh,wikidataId/Q24945277,Bharwain
wikidataId/Q1177,Himachal Pradesh,wikidataId/Q25110526,Nawar Valley
wikidataId/Q1177,Himachal Pradesh,wikidataId/Q27961958,Barsar
wikidataId/Q1177,Himachal Pradesh,wikidataId/Q28173862,Bhoranj
wikidataId/Q1177,Himachal Pradesh,wikidataId/Q28173952,Raipur Maidan
wikidataId/Q1177,Himachal Pradesh,wikidataId/Q30622001,Bhaba Nagar
wikidataId/Q1177,Himachal Pradesh,wikidataId/Q30637181,"Bassa, Chamba"
wikidataId/Q1177,Himachal Pradesh,wikidataId/Q30637486,Haroli Tehsil
wikidataId/Q1177,Himachal Pradesh,wikidataId/Q30642887,Bangana town
wikidataId/Q1177,Himachal Pradesh,wikidataId/Q3200369,Kumharsain
wikidataId/Q1177,Himachal Pradesh,wikidataId/Q462766,Solan
wikidataId/Q1177,Himachal Pradesh,wikidataId/Q48725693,Kotli
wikidataId/Q1177,Himachal Pradesh,wikidataId/Q4901297,Bharmour
wikidataId/Q1177,Himachal Pradesh,wikidataId/Q55640163,Jol Bangana
wikidataId/Q1177,Himachal Pradesh,wikidataId/Q56936798,Udaipur
wikidataId/Q1177,Himachal Pradesh,wikidataId/Q7228488,Poo
wikidataId/Q1177,Himachal Pradesh,wikidataId/Q7418032,Sangla
wikidataId/Q1177,Himachal Pradesh,wikidataId/Q83398,Barog
wikidataId/Q1177,Himachal Pradesh,wikidataId/Q83442,Kullu
wikidataId/Q1177,Himachal Pradesh,wikidataId/Q83443,Manali
wikidataId/Q1177,Himachal Pradesh,wikidataId/Q83473,Manikaran
wikidataId/Q1177,Himachal Pradesh,wikidataId/Q83786,Shimla
wikidataId/Q1184,Jharkhand,wikidataId/Q106741541,"Sijua, Bokaro"
wikidataId/Q1184,Jharkhand,wikidataId/Q108822343,Irba
wikidataId/Q1184,Jharkhand,wikidataId/Q1192453,Deoghar
wikidataId/Q1184,Jharkhand,wikidataId/Q174461,Ranchi
wikidataId/Q1184,Jharkhand,wikidataId/Q200054,Jamshedpur
wikidataId/Q1184,Jharkhand,wikidataId/Q2355927,Rajmahal
wikidataId/Q1184,Jharkhand,wikidataId/Q244159,Dhanbad
wikidataId/Q1184,Jharkhand,wikidataId/Q2594860,Jamtara
wikidataId/Q1184,Jharkhand,wikidataId/Q278913,Chakradharpur
wikidataId/Q1184,Jharkhand,wikidataId/Q30591336,Lakshipur
wikidataId/Q1184,Jharkhand,wikidataId/Q31213671,Poraiyahat
wikidataId/Q1184,Jharkhand,wikidataId/Q490645,Adityapur
wikidataId/Q1184,Jharkhand,wikidataId/Q5521845,Garabasa
wikidataId/Q1184,Jharkhand,wikidataId/Q55603777,Ambapani
wikidataId/Q1184,Jharkhand,wikidataId/Q55641469,Pokla
wikidataId/Q1184,Jharkhand,wikidataId/Q614401,Khunti
wikidataId/Q1185,Karnataka,wikidataId/Q1006277,Mandya
wikidataId/Q1185,Karnataka,wikidataId/Q10086,Mysore
wikidataId/Q1185,Karnataka,wikidataId/Q1013556,Halebidu
wikidataId/Q1185,Karnataka,wikidataId/Q1023689,Chikkaballapur
wikidataId/Q1185,Karnataka,wikidataId/Q1026193,Shravanabelagola
wikidataId/Q1185,Karnataka,wikidataId/Q126418761,Munirabad Project Area
wikidataId/Q1185,Karnataka,wikidataId/Q127041,Mangaluru
wikidataId/Q1185,Karnataka,wikidataId/Q1355,Bengaluru
wikidataId/Q1185,Karnataka,wikidataId/Q14227687,Nuggehalli
wikidataId/Q1185,Karnataka,wikidataId/Q15226691,Hulkoti
wikidataId/Q1185,Karnataka,wikidataId/Q15277648,Sidlaphadi
wikidataId/Q1185,Karnataka,wikidataId/Q1531304,Basavanagudi
wikidataId/Q1185,Karnataka,wikidataId/Q15717415,Kikkeri
wikidataId/Q1185,Karnataka,wikidataId/Q2222560,Halasi
wikidataId/Q1185,Karnataka,wikidataId/Q2427885,Banavasi
wikidataId/Q1185,Karnataka,wikidataId/Q24943409,Tubagere
wikidataId/Q1185,Karnataka,wikidataId/Q24943469,Shurpali
wikidataId/Q1185,Karnataka,wikidataId/Q270176,Belgaum
wikidataId/Q1185,Karnataka,wikidataId/Q2887927,Somanathapura
wikidataId/Q1185,Karnataka,wikidataId/Q30716479,Sindhagatta
wikidataId/Q1185,Karnataka,wikidataId/Q33412,Hubballi
wikidataId/Q1185,Karnataka,wikidataId/Q33414,Hosapete
wikidataId/Q1185,Karnataka,wikidataId/Q3595139,Hooli
wikidataId/Q1185,Karnataka,wikidataId/Q3636023,Vijayapura
wikidataId/Q1185,Karnataka,wikidataId/Q37112,Kalaburagi
wikidataId/Q1185,Karnataka,wikidataId/Q3812660,Kamalapura
wikidataId/Q1185,Karnataka,wikidataId/Q429063,Bellary
wikidataId/Q1185,Karnataka,wikidataId/Q4691274,"Agara, Bangalore"
wikidataId/Q1185,Karnataka,wikidataId/Q47264,Hassan
wikidataId/Q1185,Karnataka,wikidataId/Q4801570,Hebbal
wikidataId/Q1185,Karnataka,wikidataId/Q4801619,Hulimavu
wikidataId/Q1185,Karnataka,wikidataId/Q48727106,Hampi
wikidataId/Q1185,Karnataka,wikidataId/Q4880636,Begur
wikidataId/Q1185,Karnataka,wikidataId/Q5003904,Byadagi chilli
wikidataId/Q1185,Karnataka,wikidataId/Q5102349,Chitrapur
wikidataId/Q1185,Karnataka,wikidataId/Q519486,Davangere
wikidataId/Q1185,Karnataka,wikidataId/Q5321082,Whitefield
wikidataId/Q1185,Karnataka,wikidataId/Q5383113,Vidyaranyapura
wikidataId/Q1185,Karnataka,wikidataId/Q5675596,Harugeri
wikidataId/Q1185,Karnataka,wikidataId/Q584295,Udupi
wikidataId/Q1185,Karnataka,wikidataId/Q6031819,Ingaleshwara
wikidataId/Q1185,Karnataka,wikidataId/Q6180456,Jeppu
wikidataId/Q1185,Karnataka,wikidataId/Q6414110,Kinnigoli
wikidataId/Q1185,Karnataka,wikidataId/Q727181,Kolar
wikidataId/Q1185,Karnataka,wikidataId/Q760603,Belur
wikidataId/Q1185,Karnataka,wikidataId/Q886632,Channarayapatna
wikidataId/Q1185,Karnataka,wikidataId/Q920387,Gauribidanur
wikidataId/Q1185,Karnataka,wikidataId/Q980917,Chikkamagaluru
wikidataId/Q1186,Kerala,wikidataId/Q1006240,Palakkad
wikidataId/Q1186,Kerala,wikidataId/Q1006282,Kodungallur
wikidataId/Q1186,Kerala,wikidataId/Q1025124,Munnar
wikidataId/Q1186,Kerala,wikidataId/Q1025266,Pathanamthitta
wikidataId/Q1186,Kerala,wikidataId/Q1025278,Painavu
wikidataId/Q1186,Kerala,wikidataId/Q12064134,Nileshwaram
wikidataId/Q1186,Kerala,wikidataId/Q13111364,Kuruva Gramapanchayath
wikidataId/Q1186,Kerala,wikidataId/Q13564526,Patturaikkal
wikidataId/Q1186,Kerala,wikidataId/Q15265958,Perambra
wikidataId/Q1186,Kerala,wikidataId/Q16133752,Panchalimedu
wikidataId/Q1186,Kerala,wikidataId/Q16134585,"Jagannath Temple, Thalassery"
wikidataId/Q1186,Kerala,wikidataId/Q163798,Thrissur
wikidataId/Q1186,Kerala,wikidataId/Q167715,Thiruvananthapuram
wikidataId/Q1186,Kerala,wikidataId/Q17071930,Manjaly
wikidataId/Q1186,Kerala,wikidataId/Q17479902,Kamaleswaram
wikidataId/Q1186,Kerala,wikidataId/Q1800,Kochi
wikidataId/Q1186,Kerala,wikidataId/Q18109902,Attakulangara
wikidataId/Q1186,Kerala,wikidataId/Q18126504,Kallattumukku
wikidataId/Q1186,Kerala,wikidataId/Q18126948,Kovoor Town
wikidataId/Q1186,Kerala,wikidataId/Q18129343,Perunthanni
wikidataId/Q1186,Kerala,wikidataId/Q18357831,Vadookara
wikidataId/Q1186,Kerala,wikidataId/Q1939468,Paravur
wikidataId/Q1186,Kerala,wikidataId/Q20164600,"Mulleria, Kasaragod"
wikidataId/Q1186,Kerala,wikidataId/Q2104049,Poonthura
wikidataId/Q1186,Kerala,wikidataId/Q2336443,Tiruvalla
wikidataId/Q1186,Kerala,wikidataId/Q2475675,Kalamassery
wikidataId/Q1186,Kerala,wikidataId/Q24892780,"Perayam, Thiruvananthapuram"
wikidataId/Q1186,Kerala,wikidataId/Q24906390,"Perla, Kasaragod"
wikidataId/Q1186,Kerala,wikidataId/Q24943044,Valluvambram Junction
wikidataId/Q1186,Kerala,wikidataId/Q24944478,Kasaragod North
wikidataId/Q1186,Kerala,wikidataId/Q24948631,"Vidyanagar, Kasaragod"
wikidataId/Q1186,Kerala,wikidataId/Q24951930,Alampady
wikidataId/Q1186,Kerala,wikidataId/Q24952218,Soordelu Hill Station
wikidataId/Q1186,Kerala,wikidataId/Q25247911,Adat
wikidataId/Q1186,Kerala,wikidataId/Q2568304,Ottapalam
wikidataId/Q1186,Kerala,wikidataId/Q28173946,Aikkarappadi
wikidataId/Q1186,Kerala,wikidataId/Q28729,Kozhikode
wikidataId/Q1186,Kerala,wikidataId/Q321475,Kollam
wikidataId/Q1186,Kerala,wikidataId/Q3595582,North Paravur
wikidataId/Q1186,Kerala,wikidataId/Q3595848,Valluvanad
wikidataId/Q1186,Kerala,wikidataId/Q40738257,Thiruvallam
wikidataId/Q1186,Kerala,wikidataId/Q4761912,Angadipuram Laterite
wikidataId/Q1186,Kerala,wikidataId/Q48732015,Poolakutty
wikidataId/Q1186,Kerala,wikidataId/Q5086980,Charummood
wikidataId/Q1186,Kerala,wikidataId/Q530464,Angamaly
wikidataId/Q1186,Kerala,wikidataId/Q55607159,Chattanchal
wikidataId/Q1186,Kerala,wikidataId/Q5600503,Greater Cochin
wikidataId/Q1186,Kerala,wikidataId/Q6447388,Kurumbakkavu Bhagavathy Temple Edathala
wikidataId/Q1186,Kerala,wikidataId/Q6734209,Mahlkot
wikidataId/Q1186,Kerala,wikidataId/Q6746587,Manacaud
wikidataId/Q1186,Kerala,wikidataId/Q6750745,Mannanthala
wikidataId/Q1186,Kerala,wikidataId/Q6778020,Marutha
wikidataId/Q1186,Kerala,wikidataId/Q6798530,Mazhuvannur Maha Siva Kshethram
wikidataId/Q1186,Kerala,wikidataId/Q7136008,Parassala
wikidataId/Q1186,Kerala,wikidataId/Q7144693,Pathanapuram
wikidataId/Q1186,Kerala,wikidataId/Q720128,Nenmanikkara
wikidataId/Q1186,Kerala,wikidataId/Q7228533,Poojappura
wikidataId/Q1186,Kerala,wikidataId/Q7259587,Pulpally
wikidataId/Q1186,Kerala,wikidataId/Q7262267,Puthupparamb
wikidataId/Q1186,Kerala,wikidataId/Q738187,Sultan Bathery
wikidataId/Q1186,Kerala,wikidataId/Q7911651,Valiathura
wikidataId/Q1186,Kerala,wikidataId/Q7917623,Vazhuthacaud
wikidataId/Q1186,Kerala,wikidataId/Q7919892,Venganoor
wikidataId/Q1186,Kerala,wikidataId/Q7923838,Vettuthura
wikidataId/Q1186,Kerala,wikidataId/Q861830,Chalakudy
wikidataId/Q1188,Madhya Pradesh,wikidataId/Q1000495,Rewa
wikidataId/Q1188,Madhya Pradesh,wikidataId/Q104804912,Khajwa
wikidataId/Q1188,Madhya Pradesh,wikidataId/Q1071519,Chhatarpur
wikidataId/Q1188,Madhya Pradesh,wikidataId/Q108760378,Chicholi
wikidataId/Q1188,Madhya Pradesh,wikidataId/Q12442470,Betul
wikidataId/Q1188,Madhya Pradesh,wikidataId/Q15235969,Khajuraho Hanuman inscription
wikidataId/Q1188,Madhya Pradesh,wikidataId/Q158467,Gwalior
wikidataId/Q1188,Madhya Pradesh,wikidataId/Q1637471,Vidisha
wikidataId/Q1188,Madhya Pradesh,wikidataId/Q1656981,Garhi-Malhara
wikidataId/Q1188,Madhya Pradesh,wikidataId/Q16891715,Gogawan
wikidataId/Q1188,Madhya Pradesh,wikidataId/Q1922275,Mandsaur
wikidataId/Q1188,Madhya Pradesh,wikidataId/Q200119,Ujjain
wikidataId/Q1188,Madhya Pradesh,wikidataId/Q2008051,Jaithari
wikidataId/Q1188,Madhya Pradesh,wikidataId/Q200878,Jabalpur
wikidataId/Q1188,Madhya Pradesh,wikidataId/Q23043347,Alipura
wikidataId/Q1188,Madhya Pradesh,wikidataId/Q24887654,Semri Harchand
wikidataId/Q1188,Madhya Pradesh,wikidataId/Q24929370,"Rithi, Katni"
wikidataId/Q1188,Madhya Pradesh,wikidataId/Q24945751,Tawa Nagar
wikidataId/Q1188,Madhya Pradesh,wikidataId/Q24950929,Sihoniya
wikidataId/Q1188,Madhya Pradesh,wikidataId/Q24951803,Adhartal
wikidataId/Q1188,Madhya Pradesh,wikidataId/Q25247667,Pathari
wikidataId/Q1188,Madhya Pradesh,wikidataId/Q25247863,Udaypur
wikidataId/Q1188,Madhya Pradesh,wikidataId/Q2720761,Petlawad
wikidataId/Q1188,Madhya Pradesh,wikidataId/Q28153702,"Agar, Madhya Pradesh"
wikidataId/Q1188,Madhya Pradesh,wikidataId/Q28319968,Bandol seoni
wikidataId/Q1188,Madhya Pradesh,wikidataId/Q30590864,"Dongargaon, Agar Malwa"
wikidataId/Q1188,Madhya Pradesh,wikidataId/Q39060695,Niwar
wikidataId/Q1188,Madhya Pradesh,wikidataId/Q4695135,Ahirwada
wikidataId/Q1188,Madhya Pradesh,wikidataId/Q55759111,Hanotiya
wikidataId/Q1188,Madhya Pradesh,wikidataId/Q58794,Satna
wikidataId/Q1188,Madhya Pradesh,wikidataId/Q588826,Amarkantak
wikidataId/Q1188,Madhya Pradesh,wikidataId/Q593695,Panna
wikidataId/Q1188,Madhya Pradesh,wikidataId/Q652376,Ratlam
wikidataId/Q1188,Madhya Pradesh,wikidataId/Q66616,Indore
wikidataId/Q1188,Madhya Pradesh,wikidataId/Q6737764,Majhgawan
wikidataId/Q1188,Madhya Pradesh,wikidataId/Q747140,Maihar
wikidataId/Q1188,Madhya Pradesh,wikidataId/Q757845,Betma
wikidataId/Q1188,Madhya Pradesh,wikidataId/Q809660,Barwani
wikidataId/Q1188,Madhya Pradesh,wikidataId/Q80989,Bhopal
wikidataId/Q1191,Maharashtra,wikidataId/Q1006343,Mira-Bhayandar
wikidataId/Q1191,Maharashtra,wikidataId/Q108933936,Kodoli
wikidataId/Q1191,Maharashtra,wikidataId/Q1113891,Uran
wikidataId/Q1191,Maharashtra,wikidataId/Q1156,Mumbai
wikidataId/Q1191,Maharashtra,wikidataId/Q119219,Pimpri-Chinchwad
wikidataId/Q1191,Maharashtra,wikidataId/Q12422734,Khopoli
wikidataId/Q1191,Maharashtra,wikidataId/Q12435629,Nala Sopara
wikidataId/Q1191,Maharashtra,wikidataId/Q12683961,Bid
wikidataId/Q1191,Maharashtra,wikidataId/Q14230069,Pravaranagar
wikidataId/Q1191,Maharashtra,wikidataId/Q1513,Nagpur
wikidataId/Q1191,Maharashtra,wikidataId/Q1538,Pune
wikidataId/Q1191,Maharashtra,wikidataId/Q1772819,Wardha
wikidataId/Q1191,Maharashtra,wikidataId/Q1826859,Aamby Valley City
wikidataId/Q1191,Maharashtra,wikidataId/Q200235,Nashik
wikidataId/Q1191,Maharashtra,wikidataId/Q200713,Aurangabad
wikidataId/Q1191,Maharashtra,wikidataId/Q207749,Thane
wikidataId/Q1191,Maharashtra,wikidataId/Q2087583,Nandurbar
wikidataId/Q1191,Maharashtra,wikidataId/Q209698,Kolhapur
wikidataId/Q1191,Maharashtra,wikidataId/Q213014,Akola
wikidataId/Q1191,Maharashtra,wikidataId/Q2245536,caratula
wikidataId/Q1191,Maharashtra,wikidataId/Q237847,Solapur
wikidataId/Q1191,Maharashtra,wikidataId/Q23808255,"Hiranandani Gardens, Mumbai"
wikidataId/Q1191,Maharashtra,wikidataId/Q2442675,Kagal
wikidataId/Q1191,Maharashtra,wikidataId/Q2445461,Junnar
wikidataId/Q1191,Maharashtra,wikidataId/Q2462135,Dharashiv
wikidataId/Q1191,Maharashtra,wikidataId/Q2487341,Virar
wikidataId/Q1191,Maharashtra,wikidataId/Q24905669,Mokhada
wikidataId/Q1191,Maharashtra,wikidataId/Q24906332,"Palam, Parbhani"
wikidataId/Q1191,Maharashtra,wikidataId/Q24906393,Nanda Fata
wikidataId/Q1191,Maharashtra,wikidataId/Q24906832,Pimapalas
wikidataId/Q1191,Maharashtra,wikidataId/Q24907739,Hajipurwadi
wikidataId/Q1191,Maharashtra,wikidataId/Q24930608,Dadegaon
wikidataId/Q1191,Maharashtra,wikidataId/Q24932356,"Malkapur, Karad"
wikidataId/Q1191,Maharashtra,wikidataId/Q24946388,Upalavi
wikidataId/Q1191,Maharashtra,wikidataId/Q24946826,Jalalkheda
wikidataId/Q1191,Maharashtra,wikidataId/Q25247373,Sawantwadi taluka
wikidataId/Q1191,Maharashtra,wikidataId/Q25247500,Kundal
wikidataId/Q1191,Maharashtra,wikidataId/Q2544796,Saswad
wikidataId/Q1191,Maharashtra,wikidataId/Q25473592,Ahmadnagar Cantonment
wikidataId/Q1191,Maharashtra,wikidataId/Q2760236,Trimbakeshwar taluka
wikidataId/Q1191,Maharashtra,wikidataId/Q280709,Yavatmal
wikidataId/Q1191,Maharashtra,wikidataId/Q28172330,"Mandwa, Maharashtra"
wikidataId/Q1191,Maharashtra,wikidataId/Q2936867,Pune Cantonment
wikidataId/Q1191,Maharashtra,wikidataId/Q30621488,Turori
wikidataId/Q1191,Maharashtra,wikidataId/Q30771,Jalna
wikidataId/Q1191,Maharashtra,wikidataId/Q30951,Jalgaon
wikidataId/Q1191,Maharashtra,wikidataId/Q3812719,Kamptee cantonment
wikidataId/Q1191,Maharashtra,wikidataId/Q429215,Sangli
wikidataId/Q1191,Maharashtra,wikidataId/Q460222,Ulhasnagar
wikidataId/Q1191,Maharashtra,wikidataId/Q463437,Panchgani
wikidataId/Q1191,Maharashtra,wikidataId/Q4716000,Amboli
wikidataId/Q1191,Maharashtra,wikidataId/Q5383080,Vikhroli
wikidataId/Q1191,Maharashtra,wikidataId/Q5457414,Kalamboli
wikidataId/Q1191,Maharashtra,wikidataId/Q55625258,Nimbhere
wikidataId/Q1191,Maharashtra,wikidataId/Q55630059,Pirangut
wikidataId/Q1191,Maharashtra,wikidataId/Q580876,Vasai-Virar
wikidataId/Q1191,Maharashtra,wikidataId/Q580965,Malegaon
wikidataId/Q1191,Maharashtra,wikidataId/Q581562,Satara
wikidataId/Q1191,Maharashtra,wikidataId/Q583818,Ichalkaranji
wikidataId/Q1191,Maharashtra,wikidataId/Q583982,Anjangaon
wikidataId/Q1191,Maharashtra,wikidataId/Q584008,Ambernath
wikidataId/Q1191,Maharashtra,wikidataId/Q61394,Latur
wikidataId/Q1191,Maharashtra,wikidataId/Q61445,Navi Mumbai
wikidataId/Q1191,Maharashtra,wikidataId/Q6373883,Pashan
wikidataId/Q1191,Maharashtra,wikidataId/Q645725,Bhiwandi
wikidataId/Q1191,Maharashtra,wikidataId/Q6741450,Malavli
wikidataId/Q1191,Maharashtra,wikidataId/Q6935373,Mumbra
wikidataId/Q1191,Maharashtra,wikidataId/Q773603,Dhule
wikidataId/Q1191,Maharashtra,wikidataId/Q7853750,Turbhe
wikidataId/Q1191,Maharashtra,wikidataId/Q7973205,Wategaon
wikidataId/Q1191,Maharashtra,wikidataId/Q814033,Beed
wikidataId/Q1191,Maharashtra,wikidataId/Q855122,Nanded
wikidataId/Q1191,Maharashtra,wikidataId/Q85773283,"Kada, Maharashtra"
wikidataId/Q1191,Maharashtra,wikidataId/Q861194,Chandrapur
wikidataId/Q1191,Maharashtra,wikidataId/Q886590,Nanded-Waghala
wikidataId/Q1191,Maharashtra,wikidataId/Q99293056,Udagiri Galli Precinct
wikidataId/Q1193,Manipur,wikidataId/Q15208842,Chakpikarong
wikidataId/Q1193,Manipur,wikidataId/Q208097,Imphal
wikidataId/Q1193,Manipur,wikidataId/Q24951904,Khenman
wikidataId/Q1193,Manipur,wikidataId/Q3523096,Moreh
wikidataId/Q1193,Manipur,wikidataId/Q4880782,Behiang
wikidataId/Q1193,Manipur,wikidataId/Q7828537,Toubul
wikidataId/Q1195,Meghalaya,wikidataId/Q108145158,Umlyngka
wikidataId/Q1195,Meghalaya,wikidataId/Q108147538,Umroi
wikidataId/Q1195,Meghalaya,wikidataId/Q207752,Shillong
wikidataId/Q1195,Meghalaya,wikidataId/Q211030,Cherrapunji
wikidataId/Q1353,Delhi,wikidataId/Q108150764,Chilla Saroda Khadar
wikidataId/Q1353,Delhi,wikidataId/Q108208378,Lad Pur
wikidataId/Q1353,Delhi,wikidataId/Q108209953,Mohammad Pur Majri
wikidataId/Q1353,Delhi,wikidataId/Q108223053,Rani Khera
wikidataId/Q1353,Delhi,wikidataId/Q108227837,Aali
wikidataId/Q1353,Delhi,wikidataId/Q108228329,Aya Nagar
wikidataId/Q1353,Delhi,wikidataId/Q108250894,Chattar Pur
wikidataId/Q1353,Delhi,wikidataId/Q108254387,Dera Mandi
wikidataId/Q1353,Delhi,wikidataId/Q108254637,Fateh Pur Beri
wikidataId/Q1353,Delhi,wikidataId/Q108266881,Saidabad
wikidataId/Q1353,Delhi,wikidataId/Q2335256,Jahanpanah
wikidataId/Q1353,Delhi,wikidataId/Q24952388,"Dabri, New Delhi"
wikidataId/Q1353,Delhi,wikidataId/Q25544771,Dabri
wikidataId/Q1353,Delhi,wikidataId/Q3242297,Old Delhi
wikidataId/Q1353,Delhi,wikidataId/Q6368203,Karala
wikidataId/Q1353,Delhi,wikidataId/Q7586465,Sriniwaspuri
wikidataId/Q1353,Delhi,wikidataId/Q96395867,Nithari Village
wikidataId/Q1353,Delhi,wikidataId/Q987,New Delhi
wikidataId/Q1356,West Bengal,wikidataId/Q1006330,Nabadwip
wikidataId/Q1356,West Bengal,wikidataId/Q1006338,Krishnanagar
wikidataId/Q1356,West Bengal,wikidataId/Q1026903,Jaigaon
wikidataId/Q1356,West Bengal,wikidataId/Q116059033,Salt Lake
wikidataId/Q1356,West Bengal,wikidataId/Q12447537,Medinipur
wikidataId/Q1356,West Bengal,wikidataId/Q126689172,Labong Cantonment
wikidataId/Q1356,West Bengal,wikidataId/Q129331965,Lepcha Jagat
wikidataId/Q1356,West Bengal,wikidataId/Q1348,Kolkata
wikidataId/Q1356,West Bengal,wikidataId/Q15224015,Hili
wikidataId/Q1356,West Bengal,wikidataId/Q1525057,Malda
wikidataId/Q1356,West Bengal,wikidataId/Q15266073,Petrapole
wikidataId/Q1356,West Bengal,wikidataId/Q16902418,Uttorayon Township
wikidataId/Q1356,West Bengal,wikidataId/Q169997,Darjeeling
wikidataId/Q1356,West Bengal,wikidataId/Q1707695,Halisahar
wikidataId/Q1356,West Bengal,wikidataId/Q1708439,Habra
wikidataId/Q1356,West Bengal,wikidataId/Q1801463,Panihati
wikidataId/Q1356,West Bengal,wikidataId/Q1807947,Maheshtala
wikidataId/Q1356,West Bengal,wikidataId/Q1815367,Serampore
wikidataId/Q1356,West Bengal,wikidataId/Q1949030,Bankura
wikidataId/Q1356,West Bengal,wikidataId/Q1949125,Jalpaiguri
wikidataId/Q1356,West Bengal,wikidataId/Q19735986,Chak Alampur
wikidataId/Q1356,West Bengal,wikidataId/Q19882410,Boinchi
wikidataId/Q1356,West Bengal,wikidataId/Q19894359,Ukrah
wikidataId/Q1356,West Bengal,wikidataId/Q20099772,Hugli-Chuchura
wikidataId/Q1356,West Bengal,wikidataId/Q202139,Asansol
wikidataId/Q1356,West Bengal,wikidataId/Q2035284,Santipur
wikidataId/Q1356,West Bengal,wikidataId/Q205697,Howrah
wikidataId/Q1356,West Bengal,wikidataId/Q2088474,Kanchrapara
wikidataId/Q1356,West Bengal,wikidataId/Q2120110,Khardah
wikidataId/Q1356,West Bengal,wikidataId/Q2230683,Madhyamgram
wikidataId/Q1356,West Bengal,wikidataId/Q2286850,Jamuria
wikidataId/Q1356,West Bengal,wikidataId/Q2287264,Titagarh
wikidataId/Q1356,West Bengal,wikidataId/Q2304045,Raiganj
wikidataId/Q1356,West Bengal,wikidataId/Q2317215,Uttarpara Kotrung
wikidataId/Q1356,West Bengal,wikidataId/Q2318208,North Barrackpore
wikidataId/Q1356,West Bengal,wikidataId/Q2318927,Uluberia
wikidataId/Q1356,West Bengal,wikidataId/Q2453308,Bhadreswar
wikidataId/Q1356,West Bengal,wikidataId/Q2453443,Rishra
wikidataId/Q1356,West Bengal,wikidataId/Q247261,Rajarhat Gopalpur
wikidataId/Q1356,West Bengal,wikidataId/Q256409,Kulti
wikidataId/Q1356,West Bengal,wikidataId/Q261988,Rajpur Sonarpur
wikidataId/Q1356,West Bengal,wikidataId/Q2734589,Kalyani
wikidataId/Q1356,West Bengal,wikidataId/Q28153743,Bamanghata
wikidataId/Q1356,West Bengal,wikidataId/Q28164155,Patashpur
wikidataId/Q1356,West Bengal,wikidataId/Q28173696,Cheliyama
wikidataId/Q1356,West Bengal,wikidataId/Q28419557,Panchanantala
wikidataId/Q1356,West Bengal,wikidataId/Q3633473,Bally
wikidataId/Q1356,West Bengal,wikidataId/Q36752,North Dum Dum
wikidataId/Q1356,West Bengal,wikidataId/Q41538,South Dum Dum
wikidataId/Q1356,West Bengal,wikidataId/Q48723774,Raghunathganj
wikidataId/Q1356,West Bengal,wikidataId/Q48723777,Suti
wikidataId/Q1356,West Bengal,wikidataId/Q48724857,Naoda
wikidataId/Q1356,West Bengal,wikidataId/Q48724948,Raninagar
wikidataId/Q1356,West Bengal,wikidataId/Q48725463,"Amtala, Murshidabad"
wikidataId/Q1356,West Bengal,wikidataId/Q48725469,Shaikhpara
wikidataId/Q1356,West Bengal,wikidataId/Q5018950,Calcutta Riverside
wikidataId/Q1356,West Bengal,wikidataId/Q5087,Siliguri
wikidataId/Q1356,West Bengal,wikidataId/Q5088,Durgapur
wikidataId/Q1356,West Bengal,wikidataId/Q5207471,Dabgram
wikidataId/Q1356,West Bengal,wikidataId/Q583568,Ashokenagar Kalyangarh
wikidataId/Q1356,West Bengal,wikidataId/Q588477,Kharagpur
wikidataId/Q1356,West Bengal,wikidataId/Q601897,Bally
wikidataId/Q1356,West Bengal,wikidataId/Q60441500,Mahadipur
wikidataId/Q1356,West Bengal,wikidataId/Q60444051,Singabad
wikidataId/Q1356,West Bengal,wikidataId/Q622607,Bansberia
wikidataId/Q1356,West Bengal,wikidataId/Q622612,Bangaon
wikidataId/Q1356,West Bengal,wikidataId/Q625394,Baidyabati
wikidataId/Q1356,West Bengal,wikidataId/Q629006,Bandel
wikidataId/Q1356,West Bengal,wikidataId/Q633291,Balurghat
wikidataId/Q1356,West Bengal,wikidataId/Q633530,Berhampore
wikidataId/Q1356,West Bengal,wikidataId/Q6427318,Kolkata West International City
wikidataId/Q1356,West Bengal,wikidataId/Q64348086,Nagar Changrabandha
wikidataId/Q1356,West Bengal,wikidataId/Q649955,Dum Dum
wikidataId/Q1356,West Bengal,wikidataId/Q65089751,Radhikapur
wikidataId/Q1356,West Bengal,wikidataId/Q685315,Barasat
wikidataId/Q1356,West Bengal,wikidataId/Q68593,Naihati
wikidataId/Q1356,West Bengal,wikidataId/Q68953,Kamarhati
wikidataId/Q1356,West Bengal,wikidataId/Q695591,Chandannagar
wikidataId/Q1356,West Bengal,wikidataId/Q709267,Bardhaman
wikidataId/Q1356,West Bengal,wikidataId/Q709298,Barrackpore
wikidataId/Q1356,West Bengal,wikidataId/Q712504,Baranagar
wikidataId/Q1356,West Bengal,wikidataId/Q712515,Basirhat
wikidataId/Q1356,West Bengal,wikidataId/Q7188310,Phulbari
wikidataId/Q1356,West Bengal,wikidataId/Q7403122,Saktigarh
wikidataId/Q1356,West Bengal,wikidataId/Q7635805,Sukhiapokhri
wikidataId/Q1356,West Bengal,wikidataId/Q796739,Bidhannagar
wikidataId/Q1356,West Bengal,wikidataId/Q854914,Bhatpara
wikidataId/Q1356,West Bengal,wikidataId/Q85745565,Baruipur (P)
wikidataId/Q1356,West Bengal,wikidataId/Q857746,Champdani
wikidataId/Q1363,Tripura,wikidataId/Q16867235,Gandhigram
wikidataId/Q1363,Tripura,wikidataId/Q170454,Agartala
wikidataId/Q1363,Tripura,wikidataId/Q24935664,Bishramganj
wikidataId/Q1363,Tripura,wikidataId/Q757844,Belonia
wikidataId/Q1437,Rajasthan,wikidataId/Q1025468,Jalore
wikidataId/Q1437,Rajasthan,wikidataId/Q10396595,Āmer
wikidataId/Q1437,Rajasthan,wikidataId/Q12414115,Arthuna
wikidataId/Q1437,Rajasthan,wikidataId/Q126689176,Ajmer cantonment
wikidataId/Q1437,Rajasthan,wikidataId/Q1779576,Pokhran
wikidataId/Q1437,Rajasthan,wikidataId/Q18003274,Badnor
wikidataId/Q1437,Rajasthan,wikidataId/Q1936947,Pilani
wikidataId/Q1437,Rajasthan,wikidataId/Q200019,Jodhpur
wikidataId/Q1437,Rajasthan,wikidataId/Q200049,Ajmer
wikidataId/Q1437,Rajasthan,wikidataId/Q200340,Udaipur
wikidataId/Q1437,Rajasthan,wikidataId/Q200718,Bikaner
wikidataId/Q1437,Rajasthan,wikidataId/Q2120436,Khandela
wikidataId/Q1437,Rajasthan,wikidataId/Q242898,Jaisalmer
wikidataId/Q1437,Rajasthan,wikidataId/Q24810366,Daudpur
wikidataId/Q1437,Rajasthan,wikidataId/Q24893363,"Badnor, Rajasthan"
wikidataId/Q1437,Rajasthan,wikidataId/Q24906794,Shri Mahaveer Ji
wikidataId/Q1437,Rajasthan,wikidataId/Q24927921,Pahadi
wikidataId/Q1437,Rajasthan,wikidataId/Q24927925,Jurehra
wikidataId/Q1437,Rajasthan,wikidataId/Q24928005,Atru
wikidataId/Q1437,Rajasthan,wikidataId/Q24930812,Chhinch
wikidataId/Q1437,Rajasthan,wikidataId/Q24937260,"Raipur, Jhalawar"
wikidataId/Q1437,Rajasthan,wikidataId/Q24944517,Mauzmabad
wikidataId/Q1437,Rajasthan,wikidataId/Q25313782,Bagor
wikidataId/Q1437,Rajasthan,wikidataId/Q26787497,Khanpur
wikidataId/Q1437,Rajasthan,wikidataId/Q27644414,Palsana
wikidataId/Q1437,Rajasthan,wikidataId/Q27962588,"Reni, Alwar"
wikidataId/Q1437,Rajasthan,wikidataId/Q28154023,Nangal Rajawatan
wikidataId/Q1437,Rajasthan,wikidataId/Q28173162,Sanwali
wikidataId/Q1437,Rajasthan,wikidataId/Q28174148,Kacholiya Nada
wikidataId/Q1437,Rajasthan,wikidataId/Q28182701,Abapura
wikidataId/Q1437,Rajasthan,wikidataId/Q31213664,Semari
wikidataId/Q1437,Rajasthan,wikidataId/Q330531,Kota
wikidataId/Q1437,Rajasthan,wikidataId/Q33334,Sikar
wikidataId/Q1437,Rajasthan,wikidataId/Q39050839,Asnawar
wikidataId/Q1437,Rajasthan,wikidataId/Q4868132,Bassi
wikidataId/Q1437,Rajasthan,wikidataId/Q48731152,Bhaiseena
wikidataId/Q1437,Rajasthan,wikidataId/Q48731537,Uchain
wikidataId/Q1437,Rajasthan,wikidataId/Q48731649,Rupbas
wikidataId/Q1437,Rajasthan,wikidataId/Q48733848,Samrau
wikidataId/Q1437,Rajasthan,wikidataId/Q490883,Sri Ganganagar
wikidataId/Q1437,Rajasthan,wikidataId/Q6634626,Pali
wikidataId/Q1437,Rajasthan,wikidataId/Q66485,Jaipur
wikidataId/Q1437,Rajasthan,wikidataId/Q6917655,Moti Magri
wikidataId/Q1437,Rajasthan,wikidataId/Q6935588,Munabao
wikidataId/Q1437,Rajasthan,wikidataId/Q695221,Mount Abu
wikidataId/Q1437,Rajasthan,wikidataId/Q749170,Pushkar
wikidataId/Q1437,Rajasthan,wikidataId/Q757855,Beawar
wikidataId/Q1437,Rajasthan,wikidataId/Q760146,Bhilwara
wikidataId/Q1437,Rajasthan,wikidataId/Q796497,Bilara
wikidataId/Q1437,Rajasthan,wikidataId/Q927794,Kishangarh
wikidataId/Q1437,Rajasthan,wikidataId/Q940829,Sirohi
wikidataId/Q1437,Rajasthan,wikidataId/Q96391778,Mandal
wikidataId/Q1437,Rajasthan,wikidataId/Q97119528,"Rampart of old Amber town, Amber"
wikidataId/Q1437,Rajasthan,wikidataId/Q986875,Chhoti Sadri
wikidataId/Q1445,Tamil Nadu,wikidataId/Q107647093,Uthiyur
wikidataId/Q1445,Tamil Nadu,wikidataId/Q1098939,Yelagiri
wikidataId/Q1445,Tamil Nadu,wikidataId/Q112621832,Kanthe Gounden Chavadi
wikidataId/Q1445,Tamil Nadu,wikidataId/Q1207562,Dhanushkodi
wikidataId/Q1445,Tamil Nadu,wikidataId/Q126393481,Adiyanuthu
wikidataId/Q1445,Tamil Nadu,wikidataId/Q126393486,Makkinampatti
wikidataId/Q1445,Tamil Nadu,wikidataId/Q12975325,Ulundurpettai taluk
wikidataId/Q1445,Tamil Nadu,wikidataId/Q12979864,Gangavalli taluk
wikidataId/Q1445,Tamil Nadu,wikidataId/Q1352,Chennai
wikidataId/Q1445,Tamil Nadu,wikidataId/Q1435144,Rameswaram
wikidataId/Q1445,Tamil Nadu,wikidataId/Q1525589,Ettimadai
wikidataId/Q1445,Tamil Nadu,wikidataId/Q15261696,Nerkattumseval
wikidataId/Q1445,Tamil Nadu,wikidataId/Q1661840,Podanur
wikidataId/Q1445,Tamil Nadu,wikidataId/Q18126608,Karkathakudi
wikidataId/Q1445,Tamil Nadu,wikidataId/Q20464883,Vadamalapuram
wikidataId/Q1445,Tamil Nadu,wikidataId/Q207754,Tiruchirappalli
wikidataId/Q1445,Tamil Nadu,wikidataId/Q208000,Mahabalipuram
wikidataId/Q1445,Tamil Nadu,wikidataId/Q2117793,Pulicat
wikidataId/Q1445,Tamil Nadu,wikidataId/Q213248,Tirunelveli
wikidataId/Q1445,Tamil Nadu,wikidataId/Q222267,Kanyakumari
wikidataId/Q1445,Tamil Nadu,wikidataId/Q2231394,Madipakkam
wikidataId/Q1445,Tamil Nadu,wikidataId/Q2232119,Kilkunda
wikidataId/Q1445,Tamil Nadu,wikidataId/Q2236279,Maduravoyal
wikidataId/Q1445,Tamil Nadu,wikidataId/Q228405,Madurai
wikidataId/Q1445,Tamil Nadu,wikidataId/Q2308195,Jolarpettai
wikidataId/Q1445,Tamil Nadu,wikidataId/Q2443959,Kolathur
wikidataId/Q1445,Tamil Nadu,wikidataId/Q2465640,Vandavasi
wikidataId/Q1445,Tamil Nadu,wikidataId/Q24906358,Maranthalai
wikidataId/Q1445,Tamil Nadu,wikidataId/Q24906380,Umarikadu
wikidataId/Q1445,Tamil Nadu,wikidataId/Q24907330,Karavilai
wikidataId/Q1445,Tamil Nadu,wikidataId/Q24936399,Pallipattu Taluk
wikidataId/Q1445,Tamil Nadu,wikidataId/Q24943187,Sivagiri-Erode
wikidataId/Q1445,Tamil Nadu,wikidataId/Q253851,Kodaikanal
wikidataId/Q1445,Tamil Nadu,wikidataId/Q2541562,Nathampannai
wikidataId/Q1445,Tamil Nadu,wikidataId/Q2715977,Urapakkam
wikidataId/Q1445,Tamil Nadu,wikidataId/Q278964,Coonoor
wikidataId/Q1445,Tamil Nadu,wikidataId/Q279951,Cuddalore
wikidataId/Q1445,Tamil Nadu,wikidataId/Q298780,Pollachi
wikidataId/Q1445,Tamil Nadu,wikidataId/Q3006619,Choolaimedu
wikidataId/Q1445,Tamil Nadu,wikidataId/Q3006626,Arumbakkam
wikidataId/Q1445,Tamil Nadu,wikidataId/Q3166683,Saidapet
wikidataId/Q1445,Tamil Nadu,wikidataId/Q337305,Koodankulam
wikidataId/Q1445,Tamil Nadu,wikidataId/Q339986,Mayiladuthurai
wikidataId/Q1445,Tamil Nadu,wikidataId/Q41496,Thanjavur
wikidataId/Q1445,Tamil Nadu,wikidataId/Q41562,Thoothukudi
wikidataId/Q1445,Tamil Nadu,wikidataId/Q456737,Ambattur
wikidataId/Q1445,Tamil Nadu,wikidataId/Q4739739,Tharamani
wikidataId/Q1445,Tamil Nadu,wikidataId/Q48724908,Kandikuppam
wikidataId/Q1445,Tamil Nadu,wikidataId/Q490708,V.S.K.Valasai
wikidataId/Q1445,Tamil Nadu,wikidataId/Q4939784,Bollineni Hillside
wikidataId/Q1445,Tamil Nadu,wikidataId/Q566051,Kurichi
wikidataId/Q1445,Tamil Nadu,wikidataId/Q584458,Aruvankadu
wikidataId/Q1445,Tamil Nadu,wikidataId/Q584494,Avadi
wikidataId/Q1445,Tamil Nadu,wikidataId/Q584854,Ambur
wikidataId/Q1445,Tamil Nadu,wikidataId/Q589083,Ariyalur
wikidataId/Q1445,Tamil Nadu,wikidataId/Q589185,Arcot
wikidataId/Q1445,Tamil Nadu,wikidataId/Q590361,Auroville
wikidataId/Q1445,Tamil Nadu,wikidataId/Q61064350,Kundadam
wikidataId/Q1445,Tamil Nadu,wikidataId/Q6353795,Kallidaikurichi
wikidataId/Q1445,Tamil Nadu,wikidataId/Q6379062,Kavalkinaru
wikidataId/Q1445,Tamil Nadu,wikidataId/Q6746864,Manambuchavadi
wikidataId/Q1445,Tamil Nadu,wikidataId/Q695585,Nagapattinam
wikidataId/Q1445,Tamil Nadu,wikidataId/Q7709698,Thalli
wikidataId/Q1445,Tamil Nadu,wikidataId/Q836527,Tiruppur
wikidataId/Q1445,Tamil Nadu,wikidataId/Q847606,Nagercoil
wikidataId/Q1445,Tamil Nadu,wikidataId/Q853945,Dindigul
wikidataId/Q1445,Tamil Nadu,wikidataId/Q866403,Kovaipudur
wikidataId/Q1445,Tamil Nadu,wikidataId/Q9824,Erode
wikidataId/Q1445,Tamil Nadu,wikidataId/Q9863,Salem
wikidataId/Q1445,Tamil Nadu,wikidataId/Q9878,Yercaud
wikidataId/Q1445,Tamil Nadu,wikidataId/Q9885,Coimbatore
wikidataId/Q1445,Tamil Nadu,wikidataId/Q9888,Ooty
wikidataId/Q1445,Tamil Nadu,wikidataId/Q9894,Dharmapuri
wikidataId/Q1445,Tamil Nadu,wikidataId/Q9904,Edappadi
wikidataId/Q1445,Tamil Nadu,wikidataId/Q9923,Namakkal
wikidataId/Q1498,Uttar Pradesh,wikidataId/Q1025475,Jaunpur
wikidataId/Q1498,Uttar Pradesh,wikidataId/Q10579333,Meerut Cantonment
wikidataId/Q1498,Uttar Pradesh,wikidataId/Q107586799,Lucknow Cantonment
wikidataId/Q1498,Uttar Pradesh,wikidataId/Q108301469,Kalwari
wikidataId/Q1498,Uttar Pradesh,wikidataId/Q126672508,Shahjahanpur cantonment
wikidataId/Q1498,Uttar Pradesh,wikidataId/Q126679510,Agra Cantonment
wikidataId/Q1498,Uttar Pradesh,wikidataId/Q126680081,Allahabad Cantonment
wikidataId/Q1498,Uttar Pradesh,wikidataId/Q1522971,Farah
wikidataId/Q1498,Uttar Pradesh,wikidataId/Q162442,Prayagraj
wikidataId/Q1498,Uttar Pradesh,wikidataId/Q17157404,Bairia
wikidataId/Q1498,Uttar Pradesh,wikidataId/Q1748623,Maghar
wikidataId/Q1498,Uttar Pradesh,wikidataId/Q179046,Fatehpur Sikri
wikidataId/Q1498,Uttar Pradesh,wikidataId/Q186040,Ayodhya
wikidataId/Q1498,Uttar Pradesh,wikidataId/Q1981902,Jalalabad
wikidataId/Q1498,Uttar Pradesh,wikidataId/Q1981913,Jalalabad
wikidataId/Q1498,Uttar Pradesh,wikidataId/Q200237,Meerut
wikidataId/Q1498,Uttar Pradesh,wikidataId/Q200311,Mathura
wikidataId/Q1498,Uttar Pradesh,wikidataId/Q2016760,Jalalabad
wikidataId/Q1498,Uttar Pradesh,wikidataId/Q201832,Aligarh
wikidataId/Q1498,Uttar Pradesh,wikidataId/Q207098,Ghaziabad
wikidataId/Q1498,Uttar Pradesh,wikidataId/Q213026,Bareilly
wikidataId/Q1498,Uttar Pradesh,wikidataId/Q23808315,Rikabganj
wikidataId/Q1498,Uttar Pradesh,wikidataId/Q23808321,Fatehganj
wikidataId/Q1498,Uttar Pradesh,wikidataId/Q23808322,Ayodhya Cantt
wikidataId/Q1498,Uttar Pradesh,wikidataId/Q23808323,Kumarganj
wikidataId/Q1498,Uttar Pradesh,wikidataId/Q23808324,Rani Bazar
wikidataId/Q1498,Uttar Pradesh,wikidataId/Q23808328,Hastinganj
wikidataId/Q1498,Uttar Pradesh,wikidataId/Q23808330,Tarun Bazaar
wikidataId/Q1498,Uttar Pradesh,wikidataId/Q242895,Saharanpur
wikidataId/Q1498,Uttar Pradesh,wikidataId/Q242995,Jhansi
wikidataId/Q1498,Uttar Pradesh,wikidataId/Q2450872,Kairana
wikidataId/Q1498,Uttar Pradesh,wikidataId/Q247248,Sambhal
wikidataId/Q1498,Uttar Pradesh,wikidataId/Q24906778,Surir
wikidataId/Q1498,Uttar Pradesh,wikidataId/Q24932167,"Meerganj, Jaunpur"
wikidataId/Q1498,Uttar Pradesh,wikidataId/Q24936976,Varanasi cantonment
wikidataId/Q1498,Uttar Pradesh,wikidataId/Q24949373,Chhawani
wikidataId/Q1498,Uttar Pradesh,wikidataId/Q25247751,Sohawal
wikidataId/Q1498,Uttar Pradesh,wikidataId/Q2543304,Marehra
wikidataId/Q1498,Uttar Pradesh,wikidataId/Q25662542,Phephna
wikidataId/Q1498,Uttar Pradesh,wikidataId/Q2594448,Shravasti
wikidataId/Q1498,Uttar Pradesh,wikidataId/Q2711899,Greater Noida
wikidataId/Q1498,Uttar Pradesh,wikidataId/Q2717192,Tundla
wikidataId/Q1498,Uttar Pradesh,wikidataId/Q2725709,Nautanwa
wikidataId/Q1498,Uttar Pradesh,wikidataId/Q27628107,Ayodhya Cantonment
wikidataId/Q1498,Uttar Pradesh,wikidataId/Q278204,Noida
wikidataId/Q1498,Uttar Pradesh,wikidataId/Q324394,Sarnath
wikidataId/Q1498,Uttar Pradesh,wikidataId/Q330643,Moradabad
wikidataId/Q1498,Uttar Pradesh,wikidataId/Q3780142,Barabanki
wikidataId/Q1498,Uttar Pradesh,wikidataId/Q3851838,Mathura cantonment
wikidataId/Q1498,Uttar Pradesh,wikidataId/Q416835,Akbarpur
wikidataId/Q1498,Uttar Pradesh,wikidataId/Q42941,Agra
wikidataId/Q1498,Uttar Pradesh,wikidataId/Q4549,Farrukhabad
wikidataId/Q1498,Uttar Pradesh,wikidataId/Q47916,Lucknow
wikidataId/Q1498,Uttar Pradesh,wikidataId/Q4901840,Bhitargaon
wikidataId/Q1498,Uttar Pradesh,wikidataId/Q5527793,Gauriphanta
wikidataId/Q1498,Uttar Pradesh,wikidataId/Q55615961,Khushalpur
wikidataId/Q1498,Uttar Pradesh,wikidataId/Q55641201,Nangal Soti
wikidataId/Q1498,Uttar Pradesh,wikidataId/Q5584396,Gorakhpur
wikidataId/Q1498,Uttar Pradesh,wikidataId/Q5654953,Harchandpur
wikidataId/Q1498,Uttar Pradesh,wikidataId/Q585869,Atarra
wikidataId/Q1498,Uttar Pradesh,wikidataId/Q6161281,Jarwa
wikidataId/Q1498,Uttar Pradesh,wikidataId/Q6403040,Khunwa
wikidataId/Q1498,Uttar Pradesh,wikidataId/Q65222022,Bad
wikidataId/Q1498,Uttar Pradesh,wikidataId/Q656717,Maurawan
wikidataId/Q1498,Uttar Pradesh,wikidataId/Q66568,Kanpur
wikidataId/Q1498,Uttar Pradesh,wikidataId/Q688281,Vrindavan
wikidataId/Q1498,Uttar Pradesh,wikidataId/Q707799,Barhani Bazar
wikidataId/Q1498,Uttar Pradesh,wikidataId/Q7180664,Phaphamau
wikidataId/Q1498,Uttar Pradesh,wikidataId/Q7380191,Rupaidiha
wikidataId/Q1498,Uttar Pradesh,wikidataId/Q7492991,"Sheikhupur, Badaun"
wikidataId/Q1498,Uttar Pradesh,wikidataId/Q7560850,Sonauli
wikidataId/Q1498,Uttar Pradesh,wikidataId/Q7917040,Vasundhra
wikidataId/Q1498,Uttar Pradesh,wikidataId/Q79980,Varanasi
wikidataId/Q1498,Uttar Pradesh,wikidataId/Q825673,Kushinagar
wikidataId/Q1498,Uttar Pradesh,wikidataId/Q922701,Sitapur
wikidataId/Q1498,Uttar Pradesh,wikidataId/Q956371,Mirzapur
wikidataId/Q1498,Uttar Pradesh,wikidataId/Q96373143,Bareilly Cantonment
wikidataId/Q1499,Uttarakhand,wikidataId/Q1020718,Roorkee
wikidataId/Q1499,Uttarakhand,wikidataId/Q108045910,Almora Cantonment
wikidataId/Q1499,Uttarakhand,wikidataId/Q108103451,Shafipur
wikidataId/Q1499,Uttarakhand,wikidataId/Q108103556,Sunhaira
wikidataId/Q1499,Uttarakhand,wikidataId/Q108114535,Haldwani Talli
wikidataId/Q1499,Uttarakhand,wikidataId/Q108114607,Mukhani
wikidataId/Q1499,Uttarakhand,wikidataId/Q108114814,Fatehpur Range
wikidataId/Q1499,Uttarakhand,wikidataId/Q108124174,Maholiya
wikidataId/Q1499,Uttarakhand,wikidataId/Q108133113,Umru Khurd
wikidataId/Q1499,Uttarakhand,wikidataId/Q109715359,Bhararisain
wikidataId/Q1499,Uttarakhand,wikidataId/Q15229561,Jhulaghat
wikidataId/Q1499,Uttarakhand,wikidataId/Q199528,Dehradun
wikidataId/Q1499,Uttarakhand,wikidataId/Q24950524,"Happy Valley, Mussoorie"
wikidataId/Q1499,Uttarakhand,wikidataId/Q273030,Haridwar
wikidataId/Q1499,Uttarakhand,wikidataId/Q27832,Devprayag
wikidataId/Q1499,Uttarakhand,wikidataId/Q30593336,Sudhowala
wikidataId/Q1499,Uttarakhand,wikidataId/Q502141,Rishikesh
wikidataId/Q1499,Uttarakhand,wikidataId/Q637818,Banbasa
wikidataId/Q1499,Uttarakhand,wikidataId/Q668395,Mussoorie
wikidataId/Q1499,Uttarakhand,wikidataId/Q684523,Dharchula
wikidataId/Q1499,Uttarakhand,wikidataId/Q7709674,Thalisain
wikidataId/Q1499,Uttarakhand,wikidataId/Q773213,Nainital
wikidataId/Q1502,Mizoram,wikidataId/Q18125712,Hortoki
wikidataId/Q1502,Mizoram,wikidataId/Q22906759,Bilkhawthlir
wikidataId/Q1502,Mizoram,wikidataId/Q24929741,Zokhawthar
wikidataId/Q1505,Sikkim,wikidataId/Q186141,Gangtok
wikidataId/Q1599,Nagaland,wikidataId/Q234056,Kohima
wikidataId/Q1599,Nagaland,wikidataId/Q24908961,Ahthibung
wikidataId/Q1599,Nagaland,wikidataId/Q24909581,Jalukie
wikidataId/Q1599,Nagaland,wikidataId/Q7179831,Pfutsero
wikidataId/Q200667,Ladakh,wikidataId/Q230818,Leh
wikidataId/Q200667,Ladakh,wikidataId/Q24909819,Lingshet
wikidataId/Q200667,Ladakh,wikidataId/Q4079276,Batalik
wikidataId/Q200667,Ladakh,wikidataId/Q4167739,Dras
wikidataId/Q22048,Odisha,wikidataId/Q1012706,Rourkela
wikidataId/Q22048,Odisha,wikidataId/Q15203016,Bonaigarh
wikidataId/Q22048,Odisha,wikidataId/Q171771,Bhubaneswar
wikidataId/Q22048,Odisha,wikidataId/Q20203325,"Mujagada, Ganjam"
wikidataId/Q22048,Odisha,wikidataId/Q207324,Cuttack
wikidataId/Q22048,Odisha,wikidataId/Q207799,Puri
wikidataId/Q22048,Odisha,wikidataId/Q2082443,Kendrapara
wikidataId/Q22048,Odisha,wikidataId/Q2352196,Jatani
wikidataId/Q22048,Odisha,wikidataId/Q28174250,Rupsa
wikidataId/Q22048,Odisha,wikidataId/Q303761,Boudh
wikidataId/Q22048,Odisha,wikidataId/Q48734697,Aul
wikidataId/Q22048,Odisha,wikidataId/Q55614824,"Jagannath Prasad, Ganjam"
wikidataId/Q22048,Odisha,wikidataId/Q6389101,Kenduli Sasan
wikidataId/Q22048,Odisha,wikidataId/Q641098,Balasore
wikidataId/Q22048,Odisha,wikidataId/Q712356,Baripada
wikidataId/Q22048,Odisha,wikidataId/Q712508,Barapali
wikidataId/Q22048,Odisha,wikidataId/Q749189,Konark
wikidataId/Q22048,Odisha,wikidataId/Q7563602,"Soro, Balasore"
wikidataId/Q22048,Odisha,wikidataId/Q876483,Sambalpur
wikidataId/Q22424,Punjab,wikidataId/Q10265962,Nicaea
wikidataId/Q22424,Punjab,wikidataId/Q1525269,Fazilka
wikidataId/Q22424,Punjab,wikidataId/Q1647167,Pathankot
wikidataId/Q22424,Punjab,wikidataId/Q1707629,Gurdaspur
wikidataId/Q22424,Punjab,wikidataId/Q1949069,Mohali
wikidataId/Q22424,Punjab,wikidataId/Q200123,Ludhiana
wikidataId/Q22424,Punjab,wikidataId/Q208162,Patiala
wikidataId/Q22424,Punjab,wikidataId/Q21857966,Borawal
wikidataId/Q22424,Punjab,wikidataId/Q2301731,Nawanshahr
wikidataId/Q22424,Punjab,wikidataId/Q2349902,Malout
wikidataId/Q22424,Punjab,wikidataId/Q24882650,Nangal Kalan
wikidataId/Q22424,Punjab,wikidataId/Q24952482,Shankerpura
wikidataId/Q22424,Punjab,wikidataId/Q26219384,Haryau
wikidataId/Q22424,Punjab,wikidataId/Q2672955,Sirhind-Fategarh
wikidataId/Q22424,Punjab,wikidataId/Q33377,Jalandhar
wikidataId/Q22424,Punjab,wikidataId/Q3440891,Attari
wikidataId/Q22424,Punjab,wikidataId/Q48403,Amritsar
wikidataId/Q22424,Punjab,wikidataId/Q5577727,Goindwal Sahib
wikidataId/Q22424,Punjab,wikidataId/Q581774,Khemkaran
wikidataId/Q22424,Punjab,wikidataId/Q5949619,Hussainiwala
wikidataId/Q22424,Punjab,wikidataId/Q652098,Firozpur
wikidataId/Q22424,Punjab,wikidataId/Q709319,Bathinda
wikidataId/Q22424,Punjab,wikidataId/Q711996,Barnala
wikidataId/Q22424,Punjab,wikidataId/Q781354,Kapurthala
wikidataId/Q26927,Lakshadweep,wikidataId/Q7195866,Minicoy
wikidataId/Q40888,Andaman and Nicobar Islands,wikidataId/Q203476,Sri Vijaya Puram(Port Blair)
wikidataId/Q66278313,Jammu and Kashmir,wikidataId/Q116547319,Pul Doda
wikidataId/Q66278313,Jammu and Kashmir,wikidataId/Q170115,Srinagar
wikidataId/Q66278313,Jammu and Kashmir,wikidataId/Q17082685,Shangus
wikidataId/Q66278313,Jammu and Kashmir,wikidataId/Q1938135,Udhampur
wikidataId/Q66278313,Jammu and Kashmir,wikidataId/Q1949395,Rajauri
wikidataId/Q66278313,Jammu and Kashmir,wikidataId/Q2321929,Sopore
wikidataId/Q66278313,Jammu and Kashmir,wikidataId/Q23808365,The Gateway of Gulmarg
wikidataId/Q66278313,Jammu and Kashmir,wikidataId/Q24907418,Devsar
wikidataId/Q66278313,Jammu and Kashmir,wikidataId/Q24934134,Doodhpathri
wikidataId/Q66278313,Jammu and Kashmir,wikidataId/Q24935095,Thathri
wikidataId/Q66278313,Jammu and Kashmir,wikidataId/Q255455,Jammu
wikidataId/Q66278313,Jammu and Kashmir,wikidataId/Q2558539,Pampore
wikidataId/Q66278313,Jammu and Kashmir,wikidataId/Q31213669,Hawal
wikidataId/Q66278313,Jammu and Kashmir,wikidataId/Q48728412,Barnoti
wikidataId/Q66278313,Jammu and Kashmir,wikidataId/Q48728459,Mahanpur
wikidataId/Q66278313,Jammu and Kashmir,wikidataId/Q55633144,Sidhra
wikidataId/Q66278313,Jammu and Kashmir,wikidataId/Q625761,Bandipore
wikidataId/Q66278313,Jammu and Kashmir,wikidataId/Q6548068,Kangan
wikidataId/Q66278313,Jammu and Kashmir,wikidataId/Q712644,Baramulla
wikidataId/Q66278313,Jammu and Kashmir,wikidataId/Q720828,Handwara
wikidataId/Q66278313,Jammu and Kashmir,wikidataId/Q8061896,Yusmarg
wikidataId/Q66278313,Jammu and Kashmir,wikidataId/Q83661,Kulgam
wikidataId/Q66743,Puducherry,wikidataId/Q590361,Auroville
wikidataId/Q66743,Puducherry,wikidataId/Q639421,Pondicherry
wikidataId/Q677037,Telangana,wikidataId/Q1003502,Secunderabad
wikidataId/Q677037,Telangana,wikidataId/Q106464381,Kangti
wikidataId/Q677037,Telangana,wikidataId/Q107459763,Manthani
wikidataId/Q677037,Telangana,wikidataId/Q10962828,Narayankhed mandal
wikidataId/Q677037,Telangana,wikidataId/Q1254798,Devarakonda
wikidataId/Q677037,Telangana,wikidataId/Q126648036,Secunderabad cantonment
wikidataId/Q677037,Telangana,wikidataId/Q12997851,Zahirabad
wikidataId/Q677037,Telangana,wikidataId/Q1361,Hyderabad
wikidataId/Q677037,Telangana,wikidataId/Q14201843,Alampur
wikidataId/Q677037,Telangana,wikidataId/Q1525224,Gadwal
wikidataId/Q677037,Telangana,wikidataId/Q15528101,Miryalaguda
wikidataId/Q677037,Telangana,wikidataId/Q16339211,Sadasivapet
wikidataId/Q677037,Telangana,wikidataId/Q16343722,Metpalle
wikidataId/Q677037,Telangana,wikidataId/Q16343726,Medak (R)
wikidataId/Q677037,Telangana,wikidataId/Q17018000,Bhongir Municipality
wikidataId/Q677037,Telangana,wikidataId/Q1780338,Ramagundam
wikidataId/Q677037,Telangana,wikidataId/Q1921496,Khammam
wikidataId/Q677037,Telangana,wikidataId/Q1949850,Nalgonda
wikidataId/Q677037,Telangana,wikidataId/Q19542981,Adakal
wikidataId/Q677037,Telangana,wikidataId/Q19542984,Maktalam
wikidataId/Q677037,Telangana,wikidataId/Q2016650,Jagtial
wikidataId/Q677037,Telangana,wikidataId/Q2087729,Nirmal
wikidataId/Q677037,Telangana,wikidataId/Q2235879,Koratla
wikidataId/Q677037,Telangana,wikidataId/Q2238988,Kothagudem
wikidataId/Q677037,Telangana,wikidataId/Q2290801,Kaghaznagar
wikidataId/Q677037,Telangana,wikidataId/Q2483781,Manuguru
wikidataId/Q677037,Telangana,wikidataId/Q2483796,Jangaon
wikidataId/Q677037,Telangana,wikidataId/Q2483821,Mandamarri
wikidataId/Q677037,Telangana,wikidataId/Q25559624,Nirmal
wikidataId/Q677037,Telangana,wikidataId/Q25563078,Karimnagar
wikidataId/Q677037,Telangana,wikidataId/Q25563103,Warangal
wikidataId/Q677037,Telangana,wikidataId/Q2563435,Sircilla
wikidataId/Q677037,Telangana,wikidataId/Q2563513,Wanaparthi
wikidataId/Q677037,Telangana,wikidataId/Q2564921,Kamareddy
wikidataId/Q677037,Telangana,wikidataId/Q2573090,Suryapet
wikidataId/Q677037,Telangana,wikidataId/Q2768192,Mahabubnagar
wikidataId/Q677037,Telangana,wikidataId/Q3361894,Hanamakonda
wikidataId/Q677037,Telangana,wikidataId/Q3418888,Kohir Mandal
wikidataId/Q677037,Telangana,wikidataId/Q3428254,Dubbak
wikidataId/Q677037,Telangana,wikidataId/Q3429927,Armoor
wikidataId/Q677037,Telangana,wikidataId/Q3430011,Nelakondapalli
wikidataId/Q677037,Telangana,wikidataId/Q3430056,Wyra
wikidataId/Q677037,Telangana,wikidataId/Q3430076,Mudigonda
wikidataId/Q677037,Telangana,wikidataId/Q41473,Nizamabad
wikidataId/Q677037,Telangana,wikidataId/Q4818111,Attapur
wikidataId/Q677037,Telangana,wikidataId/Q4850068,Balapur
wikidataId/Q677037,Telangana,wikidataId/Q48731532,Warangal Tri-City
wikidataId/Q677037,Telangana,wikidataId/Q4936764,Boduppal
wikidataId/Q677037,Telangana,wikidataId/Q494281,Adilabad
wikidataId/Q677037,Telangana,wikidataId/Q5517641,Gajwel Mandal
wikidataId/Q677037,Telangana,wikidataId/Q5576202,Godavarikhani
wikidataId/Q677037,Telangana,wikidataId/Q56291123,Old Neredmet Village
wikidataId/Q677037,Telangana,wikidataId/Q568778,Vikarabad
wikidataId/Q677037,Telangana,wikidataId/Q59061593,Sangareddy
wikidataId/Q677037,Telangana,wikidataId/Q5984843,Ibrahimpatnam
wikidataId/Q677037,Telangana,wikidataId/Q61634427,Madhira
wikidataId/Q677037,Telangana,wikidataId/Q6193113,Meerpet–Jillelguda
wikidataId/Q677037,Telangana,wikidataId/Q6428594,Kompally
wikidataId/Q677037,Telangana,wikidataId/Q6706382,Luxettipet
wikidataId/Q677037,Telangana,wikidataId/Q6941245,Musheerabad
wikidataId/Q677037,Telangana,wikidataId/Q720842,Mancherial
wikidataId/Q677037,Telangana,wikidataId/Q720922,Tandur
wikidataId/Q677037,Telangana,wikidataId/Q721357,Jallaram Kamanpur
wikidataId/Q677037,Telangana,wikidataId/Q721480,Yellandu
wikidataId/Q677037,Telangana,wikidataId/Q759677,Bellampalli
wikidataId/Q677037,Telangana,wikidataId/Q759999,Bhainsa
wikidataId/Q677037,Telangana,wikidataId/Q772160,Palvancha
wikidataId/Q677037,Telangana,wikidataId/Q7796732,Thorrur
wikidataId/Q677037,Telangana,wikidataId/Q859167,Bodhan
